
2026-09-30 04:47:40 INFO  [run_daily] ========================================
2026-09-30 04:47:40 INFO  [run_daily] KOSHVANI JOB STARTED
2026-09-30 04:47:40 INFO  [run_daily] execution_id=20260930-044739-44fdb3 log=logs/daily-2026-09-30-044739.log
2026-09-30 04:47:40 INFO  [run_daily] host: Linux 5.15.178-android13-8-g8805f47e70a8-ab36 | Python 3.14.6 | git version 2.55.0
2026-09-30 04:47:40 INFO  [run_daily] repo: branch=main HEAD=818c955 dir=/data/data/com.termux/files/home/koshvani-dashboard
2026-09-30 04:47:40 INFO  [run_daily] ========================================

2026-09-30 04:47:40 INFO  [run_daily] [1/6] Checking Git status...
?? logs/daily-2026-09-30-044739.log

2026-09-30 04:47:40 INFO  [run_daily] [2/6] Pulling latest code from GitHub...
2026-09-30 04:47:40 INFO  [run_daily] GIT pull --rebase: START
From https://github.com/abhi24me/koshvani-dashboard
 * branch            main       -> FETCH_HEAD
Already up to date.
2026-09-30 04:47:42 INFO  [run_daily] GIT pull --rebase: END exit_code=0 elapsed=2s
2026-09-30 04:47:42 INFO  [run_daily] Git pull successful.

2026-09-30 04:47:42 INFO  [run_daily] [3/6] Starting Koshvani scraper...
2026-09-30 04:47:43.228 INFO  [MainThread] ==================================================
2026-09-30 04:47:43.232 INFO  [MainThread] KOSHVANI CRAWLER START
2026-09-30 04:47:43.232 INFO  [MainThread] Execution ID: 20260930-044739-44fdb3
2026-09-30 04:47:43.233 INFO  [MainThread] Python 3.14.6 | requests 2.34.2 | time zone offset +0530
2026-09-30 04:47:43.235 INFO  [MainThread] Config: schemes=24 workers=4 max_attempts=3 retry_delays=5-15s/15-30s request_timeout=45s stagger=4+0-2s bounce_hold=60-120s cooldown_rounds=2x300s
2026-09-30 04:47:43.238 INFO  [MainThread] STATUS RESET execution_id=20260930-044739-44fdb3 schemes=24 all set to status=0 [crawler_status.json 2366 bytes, 2 ms]
2026-09-30 04:47:43.269 INFO  [MainThread] FILE WRITE index.json 14350 bytes 3 ms | overall=RUNNING successful=0 failed=0 unprocessed=24
2026-09-30 04:47:43.270 INFO  [worker_0] [01/24 2401000010500] SCHEME START कृषि विभाग — जिला संगठन (Grant 011) (worker=worker_0)
2026-09-30 04:47:43.271 INFO  [worker_0] [01/24 2401000010500] Attempt 1/3 START
2026-09-30 04:47:43.275 INFO  [worker_1] [02/24 2401001020103] SCHEME START फूड एण्ड न्यूट्रिशन सिक्यूरिटी (कृषि उन्नति योजना) (के.60/रा.40-के.+ रा.) (Grant 011) (worker=worker_1)
2026-09-30 04:47:43.275 INFO  [worker_1] [02/24 2401001020103] Start stagger: waiting 4.5s so workers do not hit the portal together
2026-09-30 04:47:43.277 INFO  [worker_2] [03/24 2401001020129] SCHEME START मिशन फार आत्मनिर्भरता इन पल्सेस (के.60/रा.40-के.+रा.) (Grant 011) (worker=worker_2)
2026-09-30 04:47:43.280 INFO  [worker_3] [04/24 2401001030300] SCHEME START प्रयोगात्मक प्रक्षेत्र प्रदर्शन और बीज बर्द्धन प्रक्षेत्र (Grant 011) (worker=worker_3)
2026-09-30 04:47:43.284 INFO  [worker_2] [03/24 2401001020129] Start stagger: waiting 9.5s so workers do not hit the portal together
2026-09-30 04:47:43.286 INFO  [worker_3] [04/24 2401001030300] Start stagger: waiting 14.2s so workers do not hit the portal together
2026-09-30 04:47:43.325 INFO  [worker_0] [01/24 2401000010500] HTTP GET main page (KoshvaniStatic.aspx) START
2026-09-30 04:47:47.806 INFO  [worker_1] [02/24 2401001020103] Attempt 1/3 START
2026-09-30 04:47:47.838 INFO  [worker_1] [02/24 2401001020103] HTTP GET main page (KoshvaniStatic.aspx) START
2026-09-30 04:47:52.793 INFO  [worker_2] [03/24 2401001020129] Attempt 1/3 START
2026-09-30 04:47:52.825 INFO  [worker_2] [03/24 2401001020129] HTTP GET main page (KoshvaniStatic.aspx) START
2026-09-30 04:47:57.504 INFO  [worker_3] [04/24 2401001030300] Attempt 1/3 START
2026-09-30 04:47:57.535 INFO  [worker_3] [04/24 2401001030300] HTTP GET main page (KoshvaniStatic.aspx) START
2026-09-30 04:50:52.261 WARNING [worker_0] [01/24 2401000010500] HTTP GET main page (KoshvaniStatic.aspx) FAILED after 53.88s kind=timeout: ReadTimeout: HTTPSConnectionPool(host='koshvani.up.nic.in', port=443): Read timed out. (read timeout=45)
2026-09-30 04:50:52.264 WARNING [worker_0] [01/24 2401000010500] Attempt 1/3 failed after 53.94s kind=timeout: ReadTimeout: HTTPSConnectionPool(host='koshvani.up.nic.in', port=443): Read timed out. (read timeout=45)
2026-09-30 04:50:52.356 INFO  [worker_0] [01/24 2401000010500] STATUS UPDATE scheme=2401000010500 status=-1 attempts=1 remark="ReadTimeout: HTTPSConnectionPool(host='koshvani.up.nic.in', port=443): Read timed out. (read timeout=45)" [crawler_status.json 2471 bytes, 90 ms]
2026-09-30 04:50:52.359 INFO  [worker_0] [01/24 2401000010500] Waiting 7.4 seconds before retry...
2026-09-30 04:51:47.826 WARNING [worker_1] [02/24 2401001020103] HTTP GET main page (KoshvaniStatic.aspx) FAILED after 56.43s kind=timeout: ReadTimeout: HTTPSConnectionPool(host='koshvani.up.nic.in', port=443): Read timed out. (read timeout=45)
2026-09-30 04:51:47.831 WARNING [worker_1] [02/24 2401001020103] Attempt 1/3 failed after 56.46s kind=timeout: ReadTimeout: HTTPSConnectionPool(host='koshvani.up.nic.in', port=443): Read timed out. (read timeout=45)
2026-09-30 04:51:47.839 INFO  [worker_1] [02/24 2401001020103] STATUS UPDATE scheme=2401001020103 status=-1 attempts=1 remark="ReadTimeout: HTTPSConnectionPool(host='koshvani.up.nic.in', port=443): Read timed out. (read timeout=45)" [crawler_status.json 2576 bytes, 6 ms]
2026-09-30 04:51:47.841 INFO  [worker_1] [02/24 2401001020103] Waiting 5.9 seconds before retry...
2026-09-30 04:51:48.266 INFO  [worker_0] [01/24 2401000010500] Attempt 2/3 START
2026-09-30 04:51:48.304 INFO  [worker_0] [01/24 2401000010500] HTTP GET main page (KoshvaniStatic.aspx) START
2026-09-30 04:52:28.134 INFO  [worker_1] [02/24 2401001020103] Start stagger: waiting 0.0s so workers do not hit the portal together
2026-09-30 04:52:28.151 INFO  [worker_1] [02/24 2401001020103] Attempt 2/3 START
2026-09-30 04:52:28.186 INFO  [worker_1] [02/24 2401001020103] HTTP GET main page (KoshvaniStatic.aspx) START
2026-09-30 04:52:28.739 WARNING [worker_2] [03/24 2401001020129] HTTP GET main page (KoshvaniStatic.aspx) FAILED after 58.02s kind=timeout: ReadTimeout: HTTPSConnectionPool(host='koshvani.up.nic.in', port=443): Read timed out. (read timeout=45)
2026-09-30 04:52:28.741 WARNING [worker_2] [03/24 2401001020129] Attempt 1/3 failed after 58.05s kind=timeout: ReadTimeout: HTTPSConnectionPool(host='koshvani.up.nic.in', port=443): Read timed out. (read timeout=45)
2026-09-30 04:52:28.822 INFO  [worker_2] [03/24 2401001020129] STATUS UPDATE scheme=2401001020129 status=-1 attempts=1 remark="ReadTimeout: HTTPSConnectionPool(host='koshvani.up.nic.in', port=443): Read timed out. (read timeout=45)" [crawler_status.json 2681 bytes, 79 ms]
2026-09-30 04:52:28.824 INFO  [worker_2] [03/24 2401001020129] Waiting 11.9 seconds before retry...
2026-09-30 04:52:58.421 INFO  [worker_3] [04/24 2401001030300] HTTP GET main page (KoshvaniStatic.aspx) END status=200 bytes=820 elapsed=59.28s redirects=1 final=ClearSession.aspx
2026-09-30 04:52:58.422 WARNING [worker_3] [04/24 2401001030300] PORTAL BOUNCE at main page: all workers will hold for up to 95s
2026-09-30 04:52:58.470 WARNING [worker_3] [04/24 2401001030300] Attempt 1/3 failed after 59.36s kind=missing-link: MissingLinkError: Could not find 'Grant-wise expenditure' link on main page
2026-09-30 04:52:58.473 INFO  [worker_3] [04/24 2401001030300] STATUS UPDATE scheme=2401001030300 status=-1 attempts=1 remark="MissingLinkError: Could not find 'Grant-wise expenditure' link on main page" [crawler_status.json 2757 bytes, 3 ms]
2026-09-30 04:52:58.478 INFO  [worker_3] [04/24 2401001030300] Waiting 5.4 seconds before retry...
2026-09-30 04:53:34.005 WARNING [worker_3] [04/24 2401001030300] Portal hold: the portal is bouncing sessions, waiting 90s with the other workers
2026-09-30 04:53:37.700 INFO  [worker_2] [03/24 2401001020129] Start stagger: waiting 4.2s so workers do not hit the portal together
2026-09-30 04:54:07.519 WARNING [worker_2] [03/24 2401001020129] Portal hold: the portal is bouncing sessions, waiting 85s with the other workers
2026-09-30 04:56:49.082 INFO  [worker_0] [01/24 2401000010500] HTTP GET main page (KoshvaniStatic.aspx) END status=200 bytes=820 elapsed=49.71s redirects=1 final=ClearSession.aspx
2026-09-30 04:56:49.083 WARNING [worker_0] [01/24 2401000010500] PORTAL BOUNCE at main page: all workers will hold for up to 63s
2026-09-30 04:56:49.088 WARNING [worker_0] [01/24 2401000010500] Attempt 2/3 failed after 49.75s kind=missing-link: MissingLinkError: Could not find 'Grant-wise expenditure' link on main page
2026-09-30 04:56:49.173 INFO  [worker_0] [01/24 2401000010500] STATUS UPDATE scheme=2401000010500 status=-1 attempts=2 remark="MissingLinkError: Could not find 'Grant-wise expenditure' link on main page" [crawler_status.json 2728 bytes, 84 ms]
2026-09-30 04:56:49.181 INFO  [worker_0] [01/24 2401000010500] Waiting 24.5 seconds before retry...
2026-09-30 04:57:30.154 INFO  [worker_1] [02/24 2401001020103] HTTP GET main page (KoshvaniStatic.aspx) END status=200 bytes=820 elapsed=49.53s redirects=1 final=ClearSession.aspx
2026-09-30 04:57:30.154 WARNING [worker_1] [02/24 2401001020103] PORTAL BOUNCE at main page: all workers will hold for up to 114s
2026-09-30 04:57:30.157 WARNING [worker_1] [02/24 2401001020103] Attempt 2/3 failed after 49.56s kind=missing-link: MissingLinkError: Could not find 'Grant-wise expenditure' link on main page
2026-09-30 04:57:30.243 INFO  [worker_1] [02/24 2401001020103] STATUS UPDATE scheme=2401001020103 status=-1 attempts=2 remark="MissingLinkError: Could not find 'Grant-wise expenditure' link on main page" [crawler_status.json 2699 bytes, 85 ms]
2026-09-30 04:57:30.249 INFO  [worker_1] [02/24 2401001020103] Waiting 23.5 seconds before retry...
2026-09-30 04:59:59.851 WARNING [worker_0] [01/24 2401000010500] Portal hold: the portal is bouncing sessions, waiting 95s with the other workers
2026-09-30 05:00:04.315 INFO  [worker_1] [02/24 2401001020103] Start stagger: waiting 1.1s so workers do not hit the portal together
2026-09-30 05:00:08.321 WARNING [worker_1] [02/24 2401001020103] Portal hold: the portal is bouncing sessions, waiting 89s with the other workers
2026-09-30 05:04:21.532 INFO  [worker_3] [04/24 2401001030300] Attempt 2/3 START
2026-09-30 05:04:21.534 INFO  [worker_2] [03/24 2401001020129] Attempt 2/3 START
2026-09-30 05:04:21.557 INFO  [worker_3] [04/24 2401001030300] HTTP GET main page (KoshvaniStatic.aspx) START
2026-09-30 05:04:21.571 INFO  [worker_2] [03/24 2401001020129] HTTP GET main page (KoshvaniStatic.aspx) START
2026-09-30 05:09:23.059 INFO  [worker_2] [03/24 2401001020129] HTTP GET main page (KoshvaniStatic.aspx) END status=200 bytes=820 elapsed=35.60s redirects=1 final=ClearSession.aspx
2026-09-30 05:09:23.060 WARNING [worker_2] [03/24 2401001020129] PORTAL BOUNCE at main page: all workers will hold for up to 65s
2026-09-30 05:09:23.063 WARNING [worker_2] [03/24 2401001020129] Attempt 2/3 failed after 35.64s kind=missing-link: MissingLinkError: Could not find 'Grant-wise expenditure' link on main page
2026-09-30 05:09:23.064 INFO  [worker_3] [04/24 2401001030300] HTTP GET main page (KoshvaniStatic.aspx) END status=200 bytes=820 elapsed=35.62s redirects=1 final=ClearSession.aspx
2026-09-30 05:09:23.065 WARNING [worker_3] [04/24 2401001030300] PORTAL BOUNCE at main page: all workers will hold for up to 113s
2026-09-30 05:09:23.068 WARNING [worker_3] [04/24 2401001030300] Attempt 2/3 failed after 35.65s kind=missing-link: MissingLinkError: Could not find 'Grant-wise expenditure' link on main page
2026-09-30 05:09:23.150 INFO  [worker_2] [03/24 2401001020129] STATUS UPDATE scheme=2401001020129 status=-1 attempts=2 remark="MissingLinkError: Could not find 'Grant-wise expenditure' link on main page" [crawler_status.json 2670 bytes, 85 ms]
2026-09-30 05:09:23.155 INFO  [worker_2] [03/24 2401001020129] Waiting 29.6 seconds before retry...
2026-09-30 05:09:23.158 INFO  [worker_3] [04/24 2401001030300] STATUS UPDATE scheme=2401001030300 status=-1 attempts=2 remark="MissingLinkError: Could not find 'Grant-wise expenditure' link on main page" [crawler_status.json 2670 bytes, 7 ms]
2026-09-30 05:09:23.165 INFO  [worker_3] [04/24 2401001030300] Waiting 19.9 seconds before retry...
2026-09-30 05:11:06.956 WARNING [worker_3] [04/24 2401001030300] Portal hold: the portal is bouncing sessions, waiting 93s with the other workers
2026-09-30 05:12:20.710 INFO  [worker_1] [02/24 2401001020103] Attempt 3/3 START
2026-09-30 05:12:20.711 INFO  [worker_0] [01/24 2401000010500] Attempt 3/3 START
2026-09-30 05:12:20.742 INFO  [worker_1] [02/24 2401001020103] HTTP GET main page (KoshvaniStatic.aspx) START
2026-09-30 05:12:20.743 INFO  [worker_0] [01/24 2401000010500] HTTP GET main page (KoshvaniStatic.aspx) START
2026-09-30 05:12:50.887 WARNING [worker_2] [03/24 2401001020129] Portal hold: the portal is bouncing sessions, waiting 83s with the other workers
2026-09-30 05:17:22.069 INFO  [worker_1] [02/24 2401001020103] HTTP GET main page (KoshvaniStatic.aspx) END status=200 bytes=820 elapsed=35.84s redirects=1 final=ClearSession.aspx
2026-09-30 05:17:22.072 WARNING [worker_1] [02/24 2401001020103] PORTAL BOUNCE at main page: all workers will hold for up to 103s
2026-09-30 05:17:22.082 WARNING [worker_1] [02/24 2401001020103] Attempt 3/3 failed after 35.88s kind=missing-link: MissingLinkError: Could not find 'Grant-wise expenditure' link on main page
2026-09-30 05:17:22.165 INFO  [worker_1] [02/24 2401001020103] STATUS UPDATE scheme=2401001020103 status=-1 attempts=3 remark="MissingLinkError: Could not find 'Grant-wise expenditure' link on main page" [crawler_status.json 2670 bytes, 81 ms]
2026-09-30 05:17:22.173 WARNING [worker_1] [02/24 2401001020103] KEEPING last good data for agri-011-2401001020103 (from 2026-09-29T00:06:11+00:00); the failure is only recorded in crawler_status.json
2026-09-30 05:17:22.174 INFO  [worker_1] [02/24 2401001020103] FINAL STATUS: FAILED after 3 attempts
2026-09-30 05:17:22.175 WARNING [worker_1] [02/24 2401001020103] SCHEME DONE status=-1 attempts=3 elapsed=266.62s worker=worker_1
2026-09-30 05:17:22.175 INFO  [worker_1] [05/24 2401001030500] SCHEME START संकर बीजों के उपयोग को बढ़ावा देने की योजना (Grant 011) (worker=worker_1)
2026-09-30 05:17:22.176 WARNING [worker_1] [05/24 2401001030500] Portal hold: the portal is bouncing sessions, waiting 103s with the other workers
2026-09-30 05:17:22.189 INFO  [MainThread] FILE WRITE index.json 14354 bytes 7 ms | overall=RUNNING successful=0 failed=4 unprocessed=20
2026-09-30 05:17:22.437 INFO  [worker_0] [01/24 2401000010500] HTTP GET main page (KoshvaniStatic.aspx) END status=200 bytes=820 elapsed=36.20s redirects=1 final=ClearSession.aspx
2026-09-30 05:17:22.437 WARNING [worker_0] [01/24 2401000010500] PORTAL BOUNCE at main page: all workers will hold for up to 102s
2026-09-30 05:17:22.440 WARNING [worker_0] [01/24 2401000010500] Attempt 3/3 failed after 36.24s kind=missing-link: MissingLinkError: Could not find 'Grant-wise expenditure' link on main page
2026-09-30 05:17:22.448 INFO  [worker_0] [01/24 2401000010500] STATUS UPDATE scheme=2401000010500 status=-1 attempts=3 remark="MissingLinkError: Could not find 'Grant-wise expenditure' link on main page" [crawler_status.json 2670 bytes, 7 ms]
2026-09-30 05:17:22.455 WARNING [worker_0] [01/24 2401000010500] KEEPING last good data for agri-011-2401000010500 (from 2026-09-29T00:10:12+00:00); the failure is only recorded in crawler_status.json
2026-09-30 05:17:22.456 INFO  [worker_0] [01/24 2401000010500] FINAL STATUS: FAILED after 3 attempts
2026-09-30 05:17:22.456 WARNING [worker_0] [01/24 2401000010500] SCHEME DONE status=-1 attempts=3 elapsed=266.91s worker=worker_0
2026-09-30 05:17:22.456 INFO  [worker_0] [06/24 2401001030600] SCHEME START उत्तर प्रदेश मिलेट्स पुनरोद्धार कार्यक्रम (Grant 011) (worker=worker_0)
2026-09-30 05:17:22.457 INFO  [worker_0] [06/24 2401001030600] Start stagger: waiting 5.3s so workers do not hit the portal together
2026-09-30 05:17:22.466 INFO  [MainThread] FILE WRITE index.json 14354 bytes 3 ms | overall=RUNNING successful=0 failed=4 unprocessed=20
2026-09-30 05:18:07.490 WARNING [worker_0] [06/24 2401001030600] Portal hold: the portal is bouncing sessions, waiting 97s with the other workers
2026-09-30 05:22:35.759 INFO  [worker_3] [04/24 2401001030300] Attempt 3/3 START
2026-09-30 05:22:35.760 INFO  [worker_2] [03/24 2401001020129] Attempt 3/3 START
2026-09-30 05:22:35.792 INFO  [worker_2] [03/24 2401001020129] HTTP GET main page (KoshvaniStatic.aspx) START
2026-09-30 05:22:35.793 INFO  [worker_3] [04/24 2401001030300] HTTP GET main page (KoshvaniStatic.aspx) START
2026-09-30 05:27:36.640 WARNING [worker_3] [04/24 2401001030300] HTTP GET main page (KoshvaniStatic.aspx) FAILED after 31.63s kind=connection-reset: ConnectionError: ('Connection aborted.', ConnectionResetError(104, 'Connection reset by peer'))
2026-09-30 05:27:36.644 WARNING [worker_3] [04/24 2401001030300] Attempt 3/3 failed after 31.67s kind=connection-reset: ConnectionError: ('Connection aborted.', ConnectionResetError(104, 'Connection reset by peer'))
2026-09-30 05:27:36.642 WARNING [worker_2] [03/24 2401001020129] HTTP GET main page (KoshvaniStatic.aspx) FAILED after 31.63s kind=connection-reset: ConnectionError: ('Connection aborted.', ConnectionResetError(104, 'Connection reset by peer'))
2026-09-30 05:27:36.650 WARNING [worker_2] [03/24 2401001020129] Attempt 3/3 failed after 31.67s kind=connection-reset: ConnectionError: ('Connection aborted.', ConnectionResetError(104, 'Connection reset by peer'))
2026-09-30 05:27:36.736 INFO  [worker_3] [04/24 2401001030300] STATUS UPDATE scheme=2401001030300 status=-1 attempts=3 remark="ConnectionError: ('Connection aborted.', ConnectionResetError(104, 'Connection reset by peer'))" [crawler_status.json 2690 bytes, 90 ms]
2026-09-30 05:27:36.743 WARNING [worker_3] [04/24 2401001030300] KEEPING last good data for agri-011-2401001030300 (from 2026-09-29T00:10:11+00:00); the failure is only recorded in crawler_status.json
2026-09-30 05:27:36.744 INFO  [worker_3] [04/24 2401001030300] FINAL STATUS: FAILED after 3 attempts
2026-09-30 05:27:36.746 WARNING [worker_3] [04/24 2401001030300] SCHEME DONE status=-1 attempts=3 elapsed=349.02s worker=worker_3
2026-09-30 05:27:36.747 INFO  [worker_3] [07/24 2401001070300] SCHEME START पौध संरक्षण सेवा तथा कृषि रक्षा सेवा (Grant 011) (worker=worker_3)
2026-09-30 05:27:36.748 WARNING [worker_3] [07/24 2401001070300] Portal hold: the portal is bouncing sessions, waiting 20s with the other workers
2026-09-30 05:27:36.751 INFO  [worker_2] [03/24 2401001020129] STATUS UPDATE scheme=2401001020129 status=-1 attempts=3 remark="ConnectionError: ('Connection aborted.', ConnectionResetError(104, 'Connection reset by peer'))" [crawler_status.json 2710 bytes, 11 ms]
2026-09-30 05:27:36.757 WARNING [worker_2] [03/24 2401001020129] KEEPING last good data for agri-011-2401001020129 (from 2026-09-29T00:06:51+00:00); the failure is only recorded in crawler_status.json
2026-09-30 05:27:36.759 INFO  [worker_2] [03/24 2401001020129] FINAL STATUS: FAILED after 3 attempts
2026-09-30 05:27:36.762 WARNING [worker_2] [03/24 2401001020129] SCHEME DONE status=-1 attempts=3 elapsed=349.04s worker=worker_2
2026-09-30 05:27:36.763 INFO  [worker_2] [08/24 2401001070400] SCHEME START विभिन्न परिस्थितिकी संसाधनों द्वारा कीट / रोग नियंत्रण (Grant 011) (worker=worker_2)
2026-09-30 05:27:36.765 INFO  [worker_2] [08/24 2401001070400] Start stagger: waiting 4.3s so workers do not hit the portal together
2026-09-30 05:27:36.775 INFO  [MainThread] FILE WRITE index.json 14354 bytes 4 ms | overall=RUNNING successful=0 failed=4 unprocessed=20
2026-09-30 05:27:36.789 INFO  [MainThread] FILE WRITE index.json 14354 bytes 4 ms | overall=RUNNING successful=0 failed=4 unprocessed=20
2026-09-30 05:28:15.616 WARNING [worker_2] [08/24 2401001070400] Portal hold: the portal is bouncing sessions, waiting 16s with the other workers
2026-09-30 05:29:50.532 INFO  [worker_1] [05/24 2401001030500] Attempt 1/3 START
2026-09-30 05:29:50.533 INFO  [worker_0] [06/24 2401001030600] Attempt 1/3 START
2026-09-30 05:29:50.533 INFO  [worker_3] [07/24 2401001070300] Attempt 1/3 START
2026-09-30 05:29:50.537 INFO  [worker_2] [08/24 2401001070400] Attempt 1/3 START
2026-09-30 05:29:50.568 INFO  [worker_1] [05/24 2401001030500] HTTP GET main page (KoshvaniStatic.aspx) START
2026-09-30 05:29:50.569 INFO  [worker_0] [06/24 2401001030600] HTTP GET main page (KoshvaniStatic.aspx) START
2026-09-30 05:29:50.579 INFO  [worker_3] [07/24 2401001070300] HTTP GET main page (KoshvaniStatic.aspx) START
2026-09-30 05:29:50.583 INFO  [worker_2] [08/24 2401001070400] HTTP GET main page (KoshvaniStatic.aspx) START
2026-09-30 05:34:51.270 INFO  [worker_3] [07/24 2401001070300] HTTP GET main page (KoshvaniStatic.aspx) END status=200 bytes=820 elapsed=46.73s redirects=1 final=ClearSession.aspx
2026-09-30 05:34:51.275 WARNING [worker_3] [07/24 2401001070300] PORTAL BOUNCE at main page: all workers will hold for up to 104s
2026-09-30 05:34:51.275 INFO  [worker_0] [06/24 2401001030600] HTTP GET main page (KoshvaniStatic.aspx) END status=200 bytes=820 elapsed=46.74s redirects=1 final=ClearSession.aspx
2026-09-30 05:34:51.287 WARNING [worker_0] [06/24 2401001030600] PORTAL BOUNCE at main page: all workers will hold for up to 74s
2026-09-30 05:34:51.286 WARNING [worker_3] [07/24 2401001070300] Attempt 1/3 failed after 46.79s kind=missing-link: MissingLinkError: Could not find 'Grant-wise expenditure' link on main page
2026-09-30 05:34:51.296 WARNING [worker_0] [06/24 2401001030600] Attempt 1/3 failed after 46.80s kind=missing-link: MissingLinkError: Could not find 'Grant-wise expenditure' link on main page
2026-09-30 05:34:51.300 INFO  [worker_1] [05/24 2401001030500] HTTP GET main page (KoshvaniStatic.aspx) END status=200 bytes=820 elapsed=46.77s redirects=1 final=ClearSession.aspx
2026-09-30 05:34:51.303 WARNING [worker_1] [05/24 2401001030500] PORTAL BOUNCE at main page: all workers will hold for up to 118s
2026-09-30 05:34:51.311 WARNING [worker_1] [05/24 2401001030500] Attempt 1/3 failed after 46.81s kind=missing-link: MissingLinkError: Could not find 'Grant-wise expenditure' link on main page
2026-09-30 05:34:51.384 INFO  [worker_3] [07/24 2401001070300] STATUS UPDATE scheme=2401001070300 status=-1 attempts=1 remark="MissingLinkError: Could not find 'Grant-wise expenditure' link on main page" [crawler_status.json 2786 bytes, 83 ms]
2026-09-30 05:34:51.393 INFO  [worker_3] [07/24 2401001070300] Waiting 7.1 seconds before retry...
2026-09-30 05:34:51.398 INFO  [worker_0] [06/24 2401001030600] STATUS UPDATE scheme=2401001030600 status=-1 attempts=1 remark="MissingLinkError: Could not find 'Grant-wise expenditure' link on main page" [crawler_status.json 2862 bytes, 12 ms]
2026-09-30 05:34:51.410 INFO  [worker_0] [06/24 2401001030600] Waiting 8.3 seconds before retry...
2026-09-30 05:34:51.413 INFO  [worker_1] [05/24 2401001030500] STATUS UPDATE scheme=2401001030500 status=-1 attempts=1 remark="MissingLinkError: Could not find 'Grant-wise expenditure' link on main page" [crawler_status.json 2938 bytes, 12 ms]
2026-09-30 05:34:51.424 INFO  [worker_1] [05/24 2401001030500] Waiting 7.2 seconds before retry...
2026-09-30 05:34:51.671 INFO  [worker_2] [08/24 2401001070400] HTTP GET main page (KoshvaniStatic.aspx) END status=200 bytes=820 elapsed=47.12s redirects=1 final=ClearSession.aspx
2026-09-30 05:34:51.672 WARNING [worker_2] [08/24 2401001070400] PORTAL BOUNCE at main page: all workers will hold for up to 79s
2026-09-30 05:34:51.675 WARNING [worker_2] [08/24 2401001070400] Attempt 1/3 failed after 47.17s kind=missing-link: MissingLinkError: Could not find 'Grant-wise expenditure' link on main page
2026-09-30 05:34:51.683 INFO  [worker_2] [08/24 2401001070400] STATUS UPDATE scheme=2401001070400 status=-1 attempts=1 remark="MissingLinkError: Could not find 'Grant-wise expenditure' link on main page" [crawler_status.json 3014 bytes, 7 ms]
2026-09-30 05:34:51.690 INFO  [worker_2] [08/24 2401001070400] Waiting 12.8 seconds before retry...
2026-09-30 05:35:55.950 WARNING [worker_3] [07/24 2401001070300] Portal hold: the portal is bouncing sessions, waiting 111s with the other workers
2026-09-30 05:35:56.081 INFO  [worker_1] [05/24 2401001030500] Start stagger: waiting 4.8s so workers do not hit the portal together
2026-09-30 05:36:14.225 INFO  [worker_0] [06/24 2401001030600] Start stagger: waiting 7.7s so workers do not hit the portal together
2026-09-30 05:36:26.470 WARNING [worker_1] [05/24 2401001030500] Portal hold: the portal is bouncing sessions, waiting 106s with the other workers
2026-09-30 05:36:28.866 INFO  [worker_2] [08/24 2401001070400] Start stagger: waiting 8.0s so workers do not hit the portal together
2026-09-30 05:37:09.767 WARNING [worker_0] [06/24 2401001030600] Portal hold: the portal is bouncing sessions, waiting 102s with the other workers
2026-09-30 05:37:56.191 WARNING [worker_2] [08/24 2401001070400] Portal hold: the portal is bouncing sessions, waiting 97s with the other workers
2026-09-30 05:46:00.132 INFO  [worker_2] [08/24 2401001070400] Attempt 2/3 START
2026-09-30 05:46:00.132 INFO  [worker_3] [07/24 2401001070300] Attempt 2/3 START
2026-09-30 05:46:00.133 INFO  [worker_1] [05/24 2401001030500] Attempt 2/3 START
2026-09-30 05:46:00.133 INFO  [worker_0] [06/24 2401001030600] Attempt 2/3 START
2026-09-30 05:46:00.166 INFO  [worker_1] [05/24 2401001030500] HTTP GET main page (KoshvaniStatic.aspx) START
2026-09-30 05:46:00.178 INFO  [worker_0] [06/24 2401001030600] HTTP GET main page (KoshvaniStatic.aspx) START
2026-09-30 05:46:00.182 INFO  [worker_3] [07/24 2401001070300] HTTP GET main page (KoshvaniStatic.aspx) START
2026-09-30 05:46:00.236 INFO  [worker_2] [08/24 2401001070400] HTTP GET main page (KoshvaniStatic.aspx) START
2026-09-30 05:51:00.759 WARNING [worker_0] [06/24 2401001030600] HTTP GET main page (KoshvaniStatic.aspx) FAILED after 43.14s kind=connection-reset: ConnectionError: ('Connection aborted.', ConnectionResetError(104, 'Connection reset by peer'))
2026-09-30 05:51:00.764 WARNING [worker_1] [05/24 2401001030500] HTTP GET main page (KoshvaniStatic.aspx) FAILED after 43.16s kind=connection-reset: ConnectionError: ('Connection aborted.', ConnectionResetError(104, 'Connection reset by peer'))
2026-09-30 05:51:00.767 WARNING [worker_1] [05/24 2401001030500] Attempt 2/3 failed after 43.20s kind=connection-reset: ConnectionError: ('Connection aborted.', ConnectionResetError(104, 'Connection reset by peer'))
2026-09-30 05:51:00.774 WARNING [worker_0] [06/24 2401001030600] Attempt 2/3 failed after 43.20s kind=connection-reset: ConnectionError: ('Connection aborted.', ConnectionResetError(104, 'Connection reset by peer'))
2026-09-30 05:51:00.878 INFO  [worker_1] [05/24 2401001030500] STATUS UPDATE scheme=2401001030500 status=-1 attempts=2 remark="ConnectionError: ('Connection aborted.', ConnectionResetError(104, 'Connection reset by peer'))" [crawler_status.json 3034 bytes, 95 ms]
2026-09-30 05:51:00.881 INFO  [worker_1] [05/24 2401001030500] Waiting 22.2 seconds before retry...
2026-09-30 05:51:00.888 INFO  [worker_0] [06/24 2401001030600] STATUS UPDATE scheme=2401001030600 status=-1 attempts=2 remark="ConnectionError: ('Connection aborted.', ConnectionResetError(104, 'Connection reset by peer'))" [crawler_status.json 3054 bytes, 6 ms]
2026-09-30 05:51:00.891 INFO  [worker_0] [06/24 2401001030600] Waiting 21.5 seconds before retry...
2026-09-30 05:51:00.917 INFO  [worker_2] [08/24 2401001070400] HTTP GET main page (KoshvaniStatic.aspx) END status=200 bytes=820 elapsed=43.24s redirects=1 final=ClearSession.aspx
2026-09-30 05:51:00.918 WARNING [worker_2] [08/24 2401001070400] PORTAL BOUNCE at main page: all workers will hold for up to 118s
2026-09-30 05:51:00.927 WARNING [worker_2] [08/24 2401001070400] Attempt 2/3 failed after 43.36s kind=missing-link: MissingLinkError: Could not find 'Grant-wise expenditure' link on main page
2026-09-30 05:51:00.933 INFO  [worker_2] [08/24 2401001070400] STATUS UPDATE scheme=2401001070400 status=-1 attempts=2 remark="MissingLinkError: Could not find 'Grant-wise expenditure' link on main page" [crawler_status.json 3054 bytes, 4 ms]
2026-09-30 05:51:00.941 INFO  [worker_2] [08/24 2401001070400] Waiting 25.9 seconds before retry...
2026-09-30 05:54:18.170 WARNING [worker_0] [06/24 2401001030600] Portal hold: the portal is bouncing sessions, waiting 97s with the other workers
2026-09-30 05:54:20.518 INFO  [worker_1] [05/24 2401001030500] Start stagger: waiting 4.4s so workers do not hit the portal together
2026-09-30 05:54:22.624 WARNING [worker_3] [07/24 2401001070300] HTTP GET main page (KoshvaniStatic.aspx) FAILED after 67.57s kind=timeout: ReadTimeout: HTTPSConnectionPool(host='koshvani.up.nic.in', port=443): Read timed out. (read timeout=45)
2026-09-30 05:54:22.628 WARNING [worker_3] [07/24 2401001070300] Attempt 2/3 failed after 67.63s kind=timeout: ReadTimeout: HTTPSConnectionPool(host='koshvani.up.nic.in', port=443): Read timed out. (read timeout=45)
2026-09-30 05:54:22.641 INFO  [worker_3] [07/24 2401001070300] STATUS UPDATE scheme=2401001070300 status=-1 attempts=2 remark="ReadTimeout: HTTPSConnectionPool(host='koshvani.up.nic.in', port=443): Read timed out. (read timeout=45)" [crawler_status.json 3083 bytes, 10 ms]
2026-09-30 05:54:22.643 INFO  [worker_3] [07/24 2401001070300] Waiting 18.4 seconds before retry...
2026-09-30 05:54:38.317 INFO  [worker_2] [08/24 2401001070400] Start stagger: waiting 6.0s so workers do not hit the portal together
2026-09-30 05:54:48.085 WARNING [worker_1] [05/24 2401001030500] Portal hold: the portal is bouncing sessions, waiting 91s with the other workers
2026-09-30 05:55:18.158 WARNING [worker_2] [08/24 2401001070400] Portal hold: the portal is bouncing sessions, waiting 86s with the other workers
2026-09-30 05:56:43.459 WARNING [worker_3] [07/24 2401001070300] Portal hold: the portal is bouncing sessions, waiting 75s with the other workers
2026-09-30 06:05:49.630 INFO  [worker_1] [05/24 2401001030500] Attempt 3/3 START
2026-09-30 06:05:49.631 INFO  [worker_0] [06/24 2401001030600] Attempt 3/3 START
2026-09-30 06:05:49.632 INFO  [worker_3] [07/24 2401001070300] Attempt 3/3 START
2026-09-30 06:05:49.632 INFO  [worker_2] [08/24 2401001070400] Attempt 3/3 START
2026-09-30 06:05:49.674 INFO  [worker_2] [08/24 2401001070400] HTTP GET main page (KoshvaniStatic.aspx) START
2026-09-30 06:05:49.676 INFO  [worker_1] [05/24 2401001030500] HTTP GET main page (KoshvaniStatic.aspx) START
2026-09-30 06:05:49.682 INFO  [worker_0] [06/24 2401001030600] HTTP GET main page (KoshvaniStatic.aspx) START
2026-09-30 06:05:49.683 INFO  [worker_3] [07/24 2401001070300] HTTP GET main page (KoshvaniStatic.aspx) START
2026-09-30 06:10:50.798 WARNING [worker_0] [06/24 2401001030600] HTTP GET main page (KoshvaniStatic.aspx) FAILED after 49.84s kind=connection-reset: ConnectionError: ('Connection aborted.', ConnectionResetError(104, 'Connection reset by peer'))
2026-09-30 06:10:50.801 WARNING [worker_1] [05/24 2401001030500] HTTP GET main page (KoshvaniStatic.aspx) FAILED after 49.85s kind=connection-reset: ConnectionError: ('Connection aborted.', ConnectionResetError(104, 'Connection reset by peer'))
2026-09-30 06:10:50.803 WARNING [worker_2] [08/24 2401001070400] HTTP GET main page (KoshvaniStatic.aspx) FAILED after 49.85s kind=connection-reset: ConnectionError: ('Connection aborted.', ConnectionResetError(104, 'Connection reset by peer'))
2026-09-30 06:10:50.805 WARNING [worker_0] [06/24 2401001030600] Attempt 3/3 failed after 49.90s kind=connection-reset: ConnectionError: ('Connection aborted.', ConnectionResetError(104, 'Connection reset by peer'))
2026-09-30 06:10:50.809 WARNING [worker_1] [05/24 2401001030500] Attempt 3/3 failed after 49.90s kind=connection-reset: ConnectionError: ('Connection aborted.', ConnectionResetError(104, 'Connection reset by peer'))
2026-09-30 06:10:50.813 WARNING [worker_2] [08/24 2401001070400] Attempt 3/3 failed after 49.90s kind=connection-reset: ConnectionError: ('Connection aborted.', ConnectionResetError(104, 'Connection reset by peer'))
2026-09-30 06:10:50.901 INFO  [worker_0] [06/24 2401001030600] STATUS UPDATE scheme=2401001030600 status=-1 attempts=3 remark="ConnectionError: ('Connection aborted.', ConnectionResetError(104, 'Connection reset by peer'))" [crawler_status.json 3083 bytes, 86 ms]
2026-09-30 06:10:50.906 WARNING [worker_0] [06/24 2401001030600] KEEPING last good data for agri-011-2401001030600 (from 2026-09-29T00:10:23+00:00); the failure is only recorded in crawler_status.json
2026-09-30 06:10:50.909 INFO  [worker_0] [06/24 2401001030600] FINAL STATUS: FAILED after 3 attempts
2026-09-30 06:10:50.910 WARNING [worker_0] [06/24 2401001030600] SCHEME DONE status=-1 attempts=3 elapsed=478.82s worker=worker_0
2026-09-30 06:10:50.911 INFO  [worker_0] [09/24 2401001090103] SCHEME START नेशनल मिशन ऑन एग्रीकल्चर एक्सटेंशन एण्ड टेक्नोलाजी (एन.एम.ए.ई.टी.) के अर्न्तगत सबमिशन ऑन एग्रीकल्चर एक्स्टेंशन (के.60/रा.40-के.+ रा.) (Grant 011) (worker=worker_0)
2026-09-30 06:10:50.914 INFO  [worker_0] [09/24 2401001090103] Attempt 1/3 START
2026-09-30 06:10:50.914 INFO  [worker_1] [05/24 2401001030500] STATUS UPDATE scheme=2401001030500 status=-1 attempts=3 remark="ConnectionError: ('Connection aborted.', ConnectionResetError(104, 'Connection reset by peer'))" [crawler_status.json 3083 bytes, 10 ms]
2026-09-30 06:10:50.919 WARNING [worker_1] [05/24 2401001030500] KEEPING last good data for agri-011-2401001030500 (from 2026-09-29T00:10:19+00:00); the failure is only recorded in crawler_status.json
2026-09-30 06:10:50.920 INFO  [worker_1] [05/24 2401001030500] FINAL STATUS: FAILED after 3 attempts
2026-09-30 06:10:50.921 WARNING [worker_1] [05/24 2401001030500] SCHEME DONE status=-1 attempts=3 elapsed=479.11s worker=worker_1
2026-09-30 06:10:50.922 INFO  [worker_1] [10/24 2401001090104] SCHEME START नेशनल मिशन ऑन एग्रीकल्चर एक्सटेंशन एण्ड टेक्नोलाजी (एन.एम.ए.ई.टी.) के अर्न्तगत सबमिशन आफ एग्रीकल्चर मेकेनाइजेशन (के.60/रा.40-के.+ रा.) (Grant 011) (worker=worker_1)
2026-09-30 06:10:50.924 INFO  [worker_1] [10/24 2401001090104] Start stagger: waiting 4.5s so workers do not hit the portal together
2026-09-30 06:10:50.972 INFO  [worker_0] [09/24 2401001090103] HTTP GET main page (KoshvaniStatic.aspx) START
2026-09-30 06:10:50.975 INFO  [worker_2] [08/24 2401001070400] STATUS UPDATE scheme=2401001070400 status=-1 attempts=3 remark="ConnectionError: ('Connection aborted.', ConnectionResetError(104, 'Connection reset by peer'))" [crawler_status.json 3103 bytes, 57 ms]
2026-09-30 06:10:50.978 WARNING [worker_2] [08/24 2401001070400] KEEPING last good data for agri-011-2401001070400 (from 2026-09-29T00:21:46+00:00); the failure is only recorded in crawler_status.json
2026-09-30 06:10:50.979 INFO  [worker_2] [08/24 2401001070400] FINAL STATUS: FAILED after 3 attempts
2026-09-30 06:10:50.979 WARNING [worker_2] [08/24 2401001070400] SCHEME DONE status=-1 attempts=3 elapsed=396.75s worker=worker_2
2026-09-30 06:10:50.980 INFO  [worker_2] [11/24 2401001090105] SCHEME START नेशनल मिशन ऑन एग्रीकल्चर एक्सटेंशन एण्ड टेक्नोलाजी (एन.एम.ए.ई.टी.) के अर्न्तगत नेशनल ई-गर्वनेन्स प्रोग्राम (के.60/रा.40-के.+ रा.) (Grant 011) (worker=worker_2)
2026-09-30 06:10:50.980 INFO  [worker_2] [11/24 2401001090105] Start stagger: waiting 8.9s so workers do not hit the portal together
2026-09-30 06:10:50.992 INFO  [MainThread] FILE WRITE index.json 14358 bytes 4 ms | overall=RUNNING successful=0 failed=8 unprocessed=16
2026-09-30 06:10:51.002 INFO  [MainThread] FILE WRITE index.json 14358 bytes 3 ms | overall=RUNNING successful=0 failed=8 unprocessed=16
2026-09-30 06:10:51.012 INFO  [MainThread] FILE WRITE index.json 14358 bytes 4 ms | overall=RUNNING successful=0 failed=8 unprocessed=16
2026-09-30 06:10:54.003 WARNING [worker_3] [07/24 2401001070300] HTTP GET main page (KoshvaniStatic.aspx) FAILED after 51.17s kind=connection-reset: ConnectionError: ('Connection aborted.', ConnectionResetError(104, 'Connection reset by peer'))
2026-09-30 06:10:54.005 WARNING [worker_3] [07/24 2401001070300] Attempt 3/3 failed after 51.22s kind=connection-reset: ConnectionError: ('Connection aborted.', ConnectionResetError(104, 'Connection reset by peer'))
2026-09-30 06:10:54.089 INFO  [worker_3] [07/24 2401001070300] STATUS UPDATE scheme=2401001070300 status=-1 attempts=3 remark="ConnectionError: ('Connection aborted.', ConnectionResetError(104, 'Connection reset by peer'))" [crawler_status.json 3094 bytes, 81 ms]
2026-09-30 06:10:54.092 WARNING [worker_3] [07/24 2401001070300] KEEPING last good data for agri-011-2401001070300 (from 2026-09-29T00:26:51+00:00); the failure is only recorded in crawler_status.json
2026-09-30 06:10:54.093 INFO  [worker_3] [07/24 2401001070300] FINAL STATUS: FAILED after 3 attempts
2026-09-30 06:10:54.094 WARNING [worker_3] [07/24 2401001070300] SCHEME DONE status=-1 attempts=3 elapsed=398.01s worker=worker_3
2026-09-30 06:10:54.095 INFO  [worker_3] [12/24 2401001090300] SCHEME START कृषि प्रसार प्रायोजना तथा प्रदर्शनियां (Grant 011) (worker=worker_3)
2026-09-30 06:10:54.098 INFO  [worker_3] [12/24 2401001090300] Start stagger: waiting 12.5s so workers do not hit the portal together
2026-09-30 06:10:54.107 INFO  [MainThread] FILE WRITE index.json 14358 bytes 4 ms | overall=RUNNING successful=0 failed=8 unprocessed=16
2026-09-30 06:11:20.854 INFO  [worker_1] [10/24 2401001090104] Attempt 1/3 START
2026-09-30 06:11:20.891 INFO  [worker_1] [10/24 2401001090104] HTTP GET main page (KoshvaniStatic.aspx) START
2026-09-30 06:11:25.907 INFO  [worker_2] [11/24 2401001090105] Attempt 1/3 START
2026-09-30 06:11:25.931 INFO  [worker_2] [11/24 2401001090105] HTTP GET main page (KoshvaniStatic.aspx) START
2026-09-30 06:12:06.121 INFO  [worker_3] [12/24 2401001090300] Attempt 1/3 START
2026-09-30 06:12:06.155 INFO  [worker_3] [12/24 2401001090300] HTTP GET main page (KoshvaniStatic.aspx) START
2026-09-30 06:15:52.120 INFO  [worker_0] [09/24 2401001090103] HTTP GET main page (KoshvaniStatic.aspx) END status=200 bytes=820 elapsed=51.10s redirects=1 final=ClearSession.aspx
2026-09-30 06:15:52.120 WARNING [worker_0] [09/24 2401001090103] PORTAL BOUNCE at main page: all workers will hold for up to 112s
2026-09-30 06:15:52.123 WARNING [worker_0] [09/24 2401001090103] Attempt 1/3 failed after 51.16s kind=missing-link: MissingLinkError: Could not find 'Grant-wise expenditure' link on main page
2026-09-30 06:15:52.208 INFO  [worker_0] [09/24 2401001090103] STATUS UPDATE scheme=2401001090103 status=-1 attempts=1 remark="MissingLinkError: Could not find 'Grant-wise expenditure' link on main page" [crawler_status.json 3170 bytes, 84 ms]
2026-09-30 06:15:52.214 INFO  [worker_0] [09/24 2401001090103] Waiting 13.8 seconds before retry...
2026-09-30 06:16:21.499 INFO  [worker_1] [10/24 2401001090104] HTTP GET main page (KoshvaniStatic.aspx) END status=200 bytes=820 elapsed=49.58s redirects=1 final=ClearSession.aspx
2026-09-30 06:16:21.499 WARNING [worker_1] [10/24 2401001090104] PORTAL BOUNCE at main page: all workers will hold for up to 109s
2026-09-30 06:16:21.504 WARNING [worker_1] [10/24 2401001090104] Attempt 1/3 failed after 49.62s kind=missing-link: MissingLinkError: Could not find 'Grant-wise expenditure' link on main page
2026-09-30 06:16:21.590 INFO  [worker_1] [10/24 2401001090104] STATUS UPDATE scheme=2401001090104 status=-1 attempts=1 remark="MissingLinkError: Could not find 'Grant-wise expenditure' link on main page" [crawler_status.json 3246 bytes, 85 ms]
2026-09-30 06:16:21.598 INFO  [worker_1] [10/24 2401001090104] Waiting 7.3 seconds before retry...
2026-09-30 06:16:26.906 INFO  [worker_2] [11/24 2401001090105] HTTP GET main page (KoshvaniStatic.aspx) END status=200 bytes=820 elapsed=46.96s redirects=1 final=ClearSession.aspx
2026-09-30 06:16:26.908 WARNING [worker_2] [11/24 2401001090105] PORTAL BOUNCE at main page: all workers will hold for up to 111s
2026-09-30 06:16:26.914 WARNING [worker_2] [11/24 2401001090105] Attempt 1/3 failed after 47.00s kind=missing-link: MissingLinkError: Could not find 'Grant-wise expenditure' link on main page
2026-09-30 06:16:26.999 INFO  [worker_2] [11/24 2401001090105] STATUS UPDATE scheme=2401001090105 status=-1 attempts=1 remark="MissingLinkError: Could not find 'Grant-wise expenditure' link on main page" [crawler_status.json 3322 bytes, 84 ms]
2026-09-30 06:16:27.008 INFO  [worker_2] [11/24 2401001090105] Waiting 6.8 seconds before retry...
2026-09-30 06:17:06.660 INFO  [worker_3] [12/24 2401001090300] HTTP GET main page (KoshvaniStatic.aspx) END status=200 bytes=820 elapsed=45.56s redirects=1 final=ClearSession.aspx
2026-09-30 06:17:06.662 WARNING [worker_3] [12/24 2401001090300] PORTAL BOUNCE at main page: all workers will hold for up to 96s
2026-09-30 06:17:06.668 WARNING [worker_3] [12/24 2401001090300] Attempt 1/3 failed after 45.60s kind=missing-link: MissingLinkError: Could not find 'Grant-wise expenditure' link on main page
2026-09-30 06:17:06.678 INFO  [worker_3] [12/24 2401001090300] STATUS UPDATE scheme=2401001090300 status=-1 attempts=1 remark="MissingLinkError: Could not find 'Grant-wise expenditure' link on main page" [crawler_status.json 3398 bytes, 8 ms]
2026-09-30 06:17:06.687 INFO  [worker_3] [12/24 2401001090300] Waiting 8.3 seconds before retry...
2026-09-30 06:17:10.314 WARNING [worker_1] [10/24 2401001090104] Portal hold: the portal is bouncing sessions, waiting 105s with the other workers
2026-09-30 06:17:11.689 INFO  [worker_2] [11/24 2401001090105] Start stagger: waiting 3.6s so workers do not hit the portal together
2026-09-30 06:17:20.248 INFO  [worker_0] [09/24 2401001090103] Start stagger: waiting 6.4s so workers do not hit the portal together
2026-09-30 06:17:21.656 WARNING [worker_2] [11/24 2401001090105] Portal hold: the portal is bouncing sessions, waiting 101s with the other workers
2026-09-30 06:17:23.478 INFO  [worker_3] [12/24 2401001090300] Start stagger: waiting 8.4s so workers do not hit the portal together
2026-09-30 06:18:03.671 WARNING [worker_0] [09/24 2401001090103] Portal hold: the portal is bouncing sessions, waiting 96s with the other workers
2026-09-30 06:18:40.238 WARNING [worker_3] [12/24 2401001090300] Portal hold: the portal is bouncing sessions, waiting 91s with the other workers
2026-09-30 06:30:16.917 INFO  [worker_3] [12/24 2401001090300] Attempt 2/3 START
2026-09-30 06:30:16.918 INFO  [worker_0] [09/24 2401001090103] Attempt 2/3 START
2026-09-30 06:30:16.918 INFO  [worker_2] [11/24 2401001090105] Attempt 2/3 START
2026-09-30 06:30:16.918 INFO  [worker_1] [10/24 2401001090104] Attempt 2/3 START
2026-09-30 06:30:16.957 INFO  [worker_0] [09/24 2401001090103] HTTP GET main page (KoshvaniStatic.aspx) START
2026-09-30 06:30:16.962 INFO  [worker_3] [12/24 2401001090300] HTTP GET main page (KoshvaniStatic.aspx) START
2026-09-30 06:30:16.967 INFO  [worker_1] [10/24 2401001090104] HTTP GET main page (KoshvaniStatic.aspx) START
2026-09-30 06:30:16.969 INFO  [worker_2] [11/24 2401001090105] HTTP GET main page (KoshvaniStatic.aspx) START
2026-09-30 06:35:17.624 WARNING [worker_3] [12/24 2401001090300] HTTP GET main page (KoshvaniStatic.aspx) FAILED after 47.62s kind=connection-reset: ConnectionError: ('Connection aborted.', ConnectionResetError(104, 'Connection reset by peer'))
2026-09-30 06:35:17.680 WARNING [worker_3] [12/24 2401001090300] Attempt 2/3 failed after 47.73s kind=connection-reset: ConnectionError: ('Connection aborted.', ConnectionResetError(104, 'Connection reset by peer'))
2026-09-30 06:35:17.789 INFO  [worker_0] [09/24 2401001090103] HTTP GET main page (KoshvaniStatic.aspx) END status=200 bytes=820 elapsed=47.79s redirects=1 final=ClearSession.aspx
2026-09-30 06:35:17.794 WARNING [worker_0] [09/24 2401001090103] PORTAL BOUNCE at main page: all workers will hold for up to 95s
2026-09-30 06:35:17.793 INFO  [worker_1] [10/24 2401001090104] HTTP GET main page (KoshvaniStatic.aspx) END status=200 bytes=820 elapsed=47.79s redirects=1 final=ClearSession.aspx
2026-09-30 06:35:17.802 INFO  [worker_3] [12/24 2401001090300] STATUS UPDATE scheme=2401001090300 status=-1 attempts=2 remark="ConnectionError: ('Connection aborted.', ConnectionResetError(104, 'Connection reset by peer'))" [crawler_status.json 3418 bytes, 112 ms]
2026-09-30 06:35:17.804 WARNING [worker_1] [10/24 2401001090104] PORTAL BOUNCE at main page: all workers will hold for up to 65s
2026-09-30 06:35:17.807 WARNING [worker_0] [09/24 2401001090103] Attempt 2/3 failed after 47.85s kind=missing-link: MissingLinkError: Could not find 'Grant-wise expenditure' link on main page
2026-09-30 06:35:17.808 INFO  [worker_3] [12/24 2401001090300] Waiting 24.2 seconds before retry...
2026-09-30 06:35:17.819 WARNING [worker_1] [10/24 2401001090104] Attempt 2/3 failed after 47.86s kind=missing-link: MissingLinkError: Could not find 'Grant-wise expenditure' link on main page
2026-09-30 06:35:17.826 INFO  [worker_0] [09/24 2401001090103] STATUS UPDATE scheme=2401001090103 status=-1 attempts=2 remark="MissingLinkError: Could not find 'Grant-wise expenditure' link on main page" [crawler_status.json 3418 bytes, 6 ms]
2026-09-30 06:35:17.840 INFO  [worker_0] [09/24 2401001090103] Waiting 16 seconds before retry...
2026-09-30 06:35:17.844 INFO  [worker_1] [10/24 2401001090104] STATUS UPDATE scheme=2401001090104 status=-1 attempts=2 remark="MissingLinkError: Could not find 'Grant-wise expenditure' link on main page" [crawler_status.json 3418 bytes, 16 ms]
2026-09-30 06:35:17.857 INFO  [worker_1] [10/24 2401001090104] Waiting 22.4 seconds before retry...
2026-09-30 06:35:18.096 INFO  [worker_2] [11/24 2401001090105] HTTP GET main page (KoshvaniStatic.aspx) END status=200 bytes=820 elapsed=48.09s redirects=1 final=ClearSession.aspx
2026-09-30 06:35:18.096 WARNING [worker_2] [11/24 2401001090105] PORTAL BOUNCE at main page: all workers will hold for up to 120s
2026-09-30 06:35:18.099 WARNING [worker_2] [11/24 2401001090105] Attempt 2/3 failed after 48.14s kind=missing-link: MissingLinkError: Could not find 'Grant-wise expenditure' link on main page
2026-09-30 06:35:18.107 INFO  [worker_2] [11/24 2401001090105] STATUS UPDATE scheme=2401001090105 status=-1 attempts=2 remark="MissingLinkError: Could not find 'Grant-wise expenditure' link on main page" [crawler_status.json 3418 bytes, 7 ms]
2026-09-30 06:35:18.113 INFO  [worker_2] [11/24 2401001090105] Waiting 29 seconds before retry...
2026-09-30 06:37:36.659 WARNING [worker_0] [09/24 2401001090103] Portal hold: the portal is bouncing sessions, waiting 104s with the other workers
2026-09-30 06:38:35.643 WARNING [worker_1] [10/24 2401001090104] Portal hold: the portal is bouncing sessions, waiting 98s with the other workers
2026-09-30 06:38:37.409 INFO  [worker_3] [12/24 2401001090300] Start stagger: waiting 3.2s so workers do not hit the portal together
2026-09-30 06:38:54.833 WARNING [worker_3] [12/24 2401001090300] Portal hold: the portal is bouncing sessions, waiting 93s with the other workers
2026-09-30 06:39:11.217 INFO  [worker_2] [11/24 2401001090105] Start stagger: waiting 3.0s so workers do not hit the portal together
2026-09-30 06:39:35.150 WARNING [worker_2] [11/24 2401001090105] Portal hold: the portal is bouncing sessions, waiting 88s with the other workers
2026-09-30 06:48:47.612 INFO  [worker_1] [10/24 2401001090104] Attempt 3/3 START
2026-09-30 06:48:47.615 INFO  [worker_2] [11/24 2401001090105] Attempt 3/3 START
2026-09-30 06:48:47.614 INFO  [worker_3] [12/24 2401001090300] Attempt 3/3 START
2026-09-30 06:48:47.613 INFO  [worker_0] [09/24 2401001090103] Attempt 3/3 START
2026-09-30 06:48:47.651 INFO  [worker_2] [11/24 2401001090105] HTTP GET main page (KoshvaniStatic.aspx) START
2026-09-30 06:48:47.652 INFO  [worker_1] [10/24 2401001090104] HTTP GET main page (KoshvaniStatic.aspx) START
2026-09-30 06:48:47.660 INFO  [worker_0] [09/24 2401001090103] HTTP GET main page (KoshvaniStatic.aspx) START
2026-09-30 06:48:47.663 INFO  [worker_3] [12/24 2401001090300] HTTP GET main page (KoshvaniStatic.aspx) START
2026-09-30 06:53:18.489 WARNING [worker_3] [12/24 2401001090300] HTTP GET main page (KoshvaniStatic.aspx) FAILED after 59.31s kind=timeout: ReadTimeout: HTTPSConnectionPool(host='koshvani.up.nic.in', port=443): Read timed out. (read timeout=45)
2026-09-30 06:53:18.494 WARNING [worker_3] [12/24 2401001090300] Attempt 3/3 failed after 59.36s kind=timeout: ReadTimeout: HTTPSConnectionPool(host='koshvani.up.nic.in', port=443): Read timed out. (read timeout=45)
2026-09-30 06:53:18.507 INFO  [worker_3] [12/24 2401001090300] STATUS UPDATE scheme=2401001090300 status=-1 attempts=3 remark="ReadTimeout: HTTPSConnectionPool(host='koshvani.up.nic.in', port=443): Read timed out. (read timeout=45)" [crawler_status.json 3427 bytes, 10 ms]
2026-09-30 06:53:18.510 WARNING [worker_3] [12/24 2401001090300] KEEPING last good data for agri-011-2401001090300 (from 2026-09-29T00:35:40+00:00); the failure is only recorded in crawler_status.json
2026-09-30 06:53:18.512 INFO  [worker_3] [12/24 2401001090300] FINAL STATUS: FAILED after 3 attempts
2026-09-30 06:53:18.513 WARNING [worker_3] [12/24 2401001090300] SCHEME DONE status=-1 attempts=3 elapsed=393.22s worker=worker_3
2026-09-30 06:53:18.514 INFO  [worker_3] [13/24 2401001090700] SCHEME START कृषि उत्पादन में वृद्धि के लिए कृषि प्रसार, कृषि निवेश तथा तकनीकी प्रबंधन (Grant 011) (worker=worker_3)
2026-09-30 06:53:18.516 INFO  [worker_3] [13/24 2401001090700] Attempt 1/3 START
2026-09-30 06:53:18.521 WARNING [worker_1] [10/24 2401001090104] HTTP GET main page (KoshvaniStatic.aspx) FAILED after 59.35s kind=timeout: ReadTimeout: HTTPSConnectionPool(host='koshvani.up.nic.in', port=443): Read timed out. (read timeout=45)
2026-09-30 06:53:18.525 WARNING [worker_1] [10/24 2401001090104] Attempt 3/3 failed after 59.39s kind=timeout: ReadTimeout: HTTPSConnectionPool(host='koshvani.up.nic.in', port=443): Read timed out. (read timeout=45)
2026-09-30 06:53:18.528 WARNING [worker_0] [09/24 2401001090103] HTTP GET main page (KoshvaniStatic.aspx) FAILED after 59.35s kind=timeout: ReadTimeout: HTTPSConnectionPool(host='koshvani.up.nic.in', port=443): Read timed out. (read timeout=45)
2026-09-30 06:53:18.530 WARNING [worker_0] [09/24 2401001090103] Attempt 3/3 failed after 59.39s kind=timeout: ReadTimeout: HTTPSConnectionPool(host='koshvani.up.nic.in', port=443): Read timed out. (read timeout=45)
2026-09-30 06:53:18.537 INFO  [worker_1] [10/24 2401001090104] STATUS UPDATE scheme=2401001090104 status=-1 attempts=3 remark="ReadTimeout: HTTPSConnectionPool(host='koshvani.up.nic.in', port=443): Read timed out. (read timeout=45)" [crawler_status.json 3456 bytes, 10 ms]
2026-09-30 06:53:18.542 WARNING [worker_1] [10/24 2401001090104] KEEPING last good data for agri-011-2401001090104 (from 2026-09-29T02:01:16+00:00); the failure is only recorded in crawler_status.json
2026-09-30 06:53:18.544 INFO  [worker_1] [10/24 2401001090104] FINAL STATUS: FAILED after 3 attempts
2026-09-30 06:53:18.545 WARNING [worker_1] [10/24 2401001090104] SCHEME DONE status=-1 attempts=3 elapsed=394.55s worker=worker_1
2026-09-30 06:53:18.549 INFO  [worker_1] [14/24 2401001090900] SCHEME START प्रशिक्षित कृषि उद्यमी स्वावलंबन योजना (Grant 011) (worker=worker_1)
2026-09-30 06:53:18.550 INFO  [worker_1] [14/24 2401001090900] Start stagger: waiting 4.5s so workers do not hit the portal together
2026-09-30 06:53:18.552 INFO  [MainThread] FILE WRITE index.json 14363 bytes 5 ms | overall=RUNNING successful=0 failed=12 unprocessed=12
2026-09-30 06:53:18.554 INFO  [worker_3] [13/24 2401001090700] HTTP GET main page (KoshvaniStatic.aspx) START
2026-09-30 06:53:18.558 INFO  [worker_0] [09/24 2401001090103] STATUS UPDATE scheme=2401001090103 status=-1 attempts=3 remark="ReadTimeout: HTTPSConnectionPool(host='koshvani.up.nic.in', port=443): Read timed out. (read timeout=45)" [crawler_status.json 3485 bytes, 18 ms]
2026-09-30 06:53:18.564 WARNING [worker_0] [09/24 2401001090103] KEEPING last good data for agri-011-2401001090103 (from 2026-09-29T00:15:57+00:00); the failure is only recorded in crawler_status.json
2026-09-30 06:53:18.567 INFO  [worker_0] [09/24 2401001090103] FINAL STATUS: FAILED after 3 attempts
2026-09-30 06:53:18.569 WARNING [worker_0] [09/24 2401001090103] SCHEME DONE status=-1 attempts=3 elapsed=394.59s worker=worker_0
2026-09-30 06:53:18.570 INFO  [worker_0] [15/24 2401001130104] SCHEME START प्रमोशन ऑफ एग्रीमल्चर मैकेनाइजेशन फार इनसीटू मैनेजमेंट ऑफ क्राप रेजडयू (CRM) (के.60/रा.40-के.+ रा.) (Grant 011) (worker=worker_0)
2026-09-30 06:53:18.573 INFO  [worker_0] [15/24 2401001130104] Start stagger: waiting 9.4s so workers do not hit the portal together
2026-09-30 06:53:18.576 WARNING [worker_2] [11/24 2401001090105] HTTP GET main page (KoshvaniStatic.aspx) FAILED after 59.41s kind=timeout: ReadTimeout: HTTPSConnectionPool(host='koshvani.up.nic.in', port=443): Read timed out. (read timeout=45)
2026-09-30 06:53:18.583 WARNING [worker_2] [11/24 2401001090105] Attempt 3/3 failed after 59.45s kind=timeout: ReadTimeout: HTTPSConnectionPool(host='koshvani.up.nic.in', port=443): Read timed out. (read timeout=45)
2026-09-30 06:53:18.593 INFO  [worker_2] [11/24 2401001090105] STATUS UPDATE scheme=2401001090105 status=-1 attempts=3 remark="ReadTimeout: HTTPSConnectionPool(host='koshvani.up.nic.in', port=443): Read timed out. (read timeout=45)" [crawler_status.json 3514 bytes, 8 ms]
2026-09-30 06:53:18.596 INFO  [MainThread] FILE WRITE index.json 14363 bytes 7 ms | overall=RUNNING successful=0 failed=12 unprocessed=12
2026-09-30 06:53:18.600 WARNING [worker_2] [11/24 2401001090105] KEEPING last good data for agri-011-2401001090105 (from 2026-09-29T00:26:58+00:00); the failure is only recorded in crawler_status.json
2026-09-30 06:53:18.602 INFO  [worker_2] [11/24 2401001090105] FINAL STATUS: FAILED after 3 attempts
2026-09-30 06:53:18.604 WARNING [worker_2] [11/24 2401001090105] SCHEME DONE status=-1 attempts=3 elapsed=394.55s worker=worker_2
2026-09-30 06:53:18.606 INFO  [worker_2] [16/24 2401001140101] SCHEME START नेशनल फूड सिक्योरिटी मिशन (ओ0एस0 / टी0बी0ओ0) (के.60/रा.40-के.+ रा.) (Grant 011) (worker=worker_2)
2026-09-30 06:53:18.609 INFO  [worker_2] [16/24 2401001140101] Start stagger: waiting 15.0s so workers do not hit the portal together
2026-09-30 06:53:18.620 INFO  [MainThread] FILE WRITE index.json 14363 bytes 4 ms | overall=RUNNING successful=0 failed=12 unprocessed=12
2026-09-30 06:53:18.634 INFO  [MainThread] FILE WRITE index.json 14363 bytes 4 ms | overall=RUNNING successful=0 failed=12 unprocessed=12
2026-09-30 06:54:05.938 INFO  [worker_1] [14/24 2401001090900] Attempt 1/3 START
2026-09-30 06:54:05.974 INFO  [worker_1] [14/24 2401001090900] HTTP GET main page (KoshvaniStatic.aspx) START
2026-09-30 06:54:50.513 INFO  [worker_0] [15/24 2401001130104] Attempt 1/3 START
2026-09-30 06:54:50.554 INFO  [worker_0] [15/24 2401001130104] HTTP GET main page (KoshvaniStatic.aspx) START
2026-09-30 06:55:27.262 INFO  [worker_2] [16/24 2401001140101] Attempt 1/3 START
2026-09-30 06:55:27.299 INFO  [worker_2] [16/24 2401001140101] HTTP GET main page (KoshvaniStatic.aspx) START
2026-09-30 06:56:02.821 WARNING [worker_3] [13/24 2401001090700] HTTP GET main page (KoshvaniStatic.aspx) FAILED after 50.54s kind=timeout: ReadTimeout: HTTPSConnectionPool(host='koshvani.up.nic.in', port=443): Read timed out. (read timeout=45)
2026-09-30 06:56:02.826 WARNING [worker_3] [13/24 2401001090700] Attempt 1/3 failed after 50.58s kind=timeout: ReadTimeout: HTTPSConnectionPool(host='koshvani.up.nic.in', port=443): Read timed out. (read timeout=45)
2026-09-30 06:56:02.930 INFO  [worker_3] [13/24 2401001090700] STATUS UPDATE scheme=2401001090700 status=-1 attempts=1 remark="ReadTimeout: HTTPSConnectionPool(host='koshvani.up.nic.in', port=443): Read timed out. (read timeout=45)" [crawler_status.json 3619 bytes, 102 ms]
2026-09-30 06:56:02.932 INFO  [worker_3] [13/24 2401001090700] Waiting 13 seconds before retry...
2026-09-30 06:56:06.051 WARNING [worker_1] [14/24 2401001090900] HTTP GET main page (KoshvaniStatic.aspx) FAILED after 49.14s kind=timeout: ReadTimeout: HTTPSConnectionPool(host='koshvani.up.nic.in', port=443): Read timed out. (read timeout=45)
2026-09-30 06:56:06.054 WARNING [worker_1] [14/24 2401001090900] Attempt 1/3 failed after 49.18s kind=timeout: ReadTimeout: HTTPSConnectionPool(host='koshvani.up.nic.in', port=443): Read timed out. (read timeout=45)
2026-09-30 06:56:06.067 INFO  [worker_1] [14/24 2401001090900] STATUS UPDATE scheme=2401001090900 status=-1 attempts=1 remark="ReadTimeout: HTTPSConnectionPool(host='koshvani.up.nic.in', port=443): Read timed out. (read timeout=45)" [crawler_status.json 3724 bytes, 10 ms]
2026-09-30 06:56:06.070 INFO  [worker_1] [14/24 2401001090900] Waiting 11.1 seconds before retry...
2026-09-30 06:56:09.375 WARNING [worker_0] [15/24 2401001130104] HTTP GET main page (KoshvaniStatic.aspx) FAILED after 47.38s kind=timeout: ReadTimeout: HTTPSConnectionPool(host='koshvani.up.nic.in', port=443): Read timed out. (read timeout=45)
2026-09-30 06:56:09.379 WARNING [worker_0] [15/24 2401001130104] Attempt 1/3 failed after 47.43s kind=timeout: ReadTimeout: HTTPSConnectionPool(host='koshvani.up.nic.in', port=443): Read timed out. (read timeout=45)
2026-09-30 06:56:09.388 INFO  [worker_0] [15/24 2401001130104] STATUS UPDATE scheme=2401001130104 status=-1 attempts=1 remark="ReadTimeout: HTTPSConnectionPool(host='koshvani.up.nic.in', port=443): Read timed out. (read timeout=45)" [crawler_status.json 3829 bytes, 6 ms]
2026-09-30 06:56:09.391 INFO  [worker_0] [15/24 2401001130104] Waiting 8.5 seconds before retry...
2026-09-30 06:56:14.371 WARNING [worker_2] [16/24 2401001140101] HTTP GET main page (KoshvaniStatic.aspx) FAILED after 46.75s kind=timeout: ReadTimeout: HTTPSConnectionPool(host='koshvani.up.nic.in', port=443): Read timed out. (read timeout=45)
2026-09-30 06:56:14.376 WARNING [worker_2] [16/24 2401001140101] Attempt 1/3 failed after 46.79s kind=timeout: ReadTimeout: HTTPSConnectionPool(host='koshvani.up.nic.in', port=443): Read timed out. (read timeout=45)
2026-09-30 06:56:14.384 INFO  [worker_2] [16/24 2401001140101] STATUS UPDATE scheme=2401001140101 status=-1 attempts=1 remark="ReadTimeout: HTTPSConnectionPool(host='koshvani.up.nic.in', port=443): Read timed out. (read timeout=45)" [crawler_status.json 3934 bytes, 5 ms]
2026-09-30 06:56:14.386 INFO  [worker_2] [16/24 2401001140101] Waiting 10.7 seconds before retry...
2026-09-30 06:56:16.191 INFO  [worker_3] [13/24 2401001090700] Attempt 2/3 START
2026-09-30 06:56:16.227 INFO  [worker_3] [13/24 2401001090700] HTTP GET main page (KoshvaniStatic.aspx) START
2026-09-30 06:56:17.375 INFO  [worker_1] [14/24 2401001090900] Start stagger: waiting 3.3s so workers do not hit the portal together
2026-09-30 06:56:18.143 INFO  [worker_0] [15/24 2401001130104] Start stagger: waiting 7.7s so workers do not hit the portal together
2026-09-30 06:56:20.717 INFO  [worker_1] [14/24 2401001090900] Attempt 2/3 START
2026-09-30 06:56:20.753 INFO  [worker_1] [14/24 2401001090900] HTTP GET main page (KoshvaniStatic.aspx) START
2026-09-30 06:56:25.088 INFO  [worker_2] [16/24 2401001140101] Start stagger: waiting 5.8s so workers do not hit the portal together
2026-09-30 06:56:32.564 INFO  [worker_0] [15/24 2401001130104] Attempt 2/3 START
2026-09-30 06:56:32.603 INFO  [worker_0] [15/24 2401001130104] HTTP GET main page (KoshvaniStatic.aspx) START
2026-09-30 06:56:44.772 INFO  [worker_2] [16/24 2401001140101] Attempt 2/3 START
2026-09-30 06:56:44.811 INFO  [worker_2] [16/24 2401001140101] HTTP GET main page (KoshvaniStatic.aspx) START
2026-09-30 06:59:58.253 WARNING [worker_3] [13/24 2401001090700] HTTP GET main page (KoshvaniStatic.aspx) FAILED after 57.06s kind=timeout: ReadTimeout: HTTPSConnectionPool(host='koshvani.up.nic.in', port=443): Read timed out. (read timeout=45)
2026-09-30 06:59:58.258 WARNING [worker_3] [13/24 2401001090700] Attempt 2/3 failed after 57.10s kind=timeout: ReadTimeout: HTTPSConnectionPool(host='koshvani.up.nic.in', port=443): Read timed out. (read timeout=45)
2026-09-30 06:59:58.352 INFO  [worker_3] [13/24 2401001090700] STATUS UPDATE scheme=2401001090700 status=-1 attempts=2 remark="ReadTimeout: HTTPSConnectionPool(host='koshvani.up.nic.in', port=443): Read timed out. (read timeout=45)" [crawler_status.json 3934 bytes, 91 ms]
2026-09-30 06:59:58.354 INFO  [worker_3] [13/24 2401001090700] Waiting 18.4 seconds before retry...
2026-09-30 07:00:27.081 WARNING [worker_1] [14/24 2401001090900] HTTP GET main page (KoshvaniStatic.aspx) FAILED after 59.40s kind=timeout: ReadTimeout: HTTPSConnectionPool(host='koshvani.up.nic.in', port=443): Read timed out. (read timeout=45)
2026-09-30 07:00:27.085 WARNING [worker_1] [14/24 2401001090900] Attempt 2/3 failed after 59.44s kind=timeout: ReadTimeout: HTTPSConnectionPool(host='koshvani.up.nic.in', port=443): Read timed out. (read timeout=45)
2026-09-30 07:00:27.098 INFO  [worker_1] [14/24 2401001090900] STATUS UPDATE scheme=2401001090900 status=-1 attempts=2 remark="ReadTimeout: HTTPSConnectionPool(host='koshvani.up.nic.in', port=443): Read timed out. (read timeout=45)" [crawler_status.json 3934 bytes, 10 ms]
2026-09-30 07:00:27.100 INFO  [worker_1] [14/24 2401001090900] Waiting 19.5 seconds before retry...
2026-09-30 07:01:33.723 INFO  [worker_0] [15/24 2401001130104] HTTP GET main page (KoshvaniStatic.aspx) END status=200 bytes=820 elapsed=59.63s redirects=1 final=ClearSession.aspx
2026-09-30 07:01:33.724 WARNING [worker_0] [15/24 2401001130104] PORTAL BOUNCE at main page: all workers will hold for up to 63s
2026-09-30 07:01:33.727 WARNING [worker_0] [15/24 2401001130104] Attempt 2/3 failed after 59.67s kind=missing-link: MissingLinkError: Could not find 'Grant-wise expenditure' link on main page
2026-09-30 07:01:33.735 INFO  [worker_0] [15/24 2401001130104] STATUS UPDATE scheme=2401001130104 status=-1 attempts=2 remark="MissingLinkError: Could not find 'Grant-wise expenditure' link on main page" [crawler_status.json 3905 bytes, 7 ms]
2026-09-30 07:01:33.741 INFO  [worker_0] [15/24 2401001130104] Waiting 23.4 seconds before retry...
2026-09-30 07:01:45.912 INFO  [worker_2] [16/24 2401001140101] HTTP GET main page (KoshvaniStatic.aspx) END status=200 bytes=820 elapsed=59.11s redirects=1 final=ClearSession.aspx
2026-09-30 07:01:45.913 WARNING [worker_2] [16/24 2401001140101] PORTAL BOUNCE at main page: all workers will hold for up to 116s
2026-09-30 07:01:45.916 WARNING [worker_2] [16/24 2401001140101] Attempt 2/3 failed after 59.15s kind=missing-link: MissingLinkError: Could not find 'Grant-wise expenditure' link on main page
2026-09-30 07:01:46.000 INFO  [worker_2] [16/24 2401001140101] STATUS UPDATE scheme=2401001140101 status=-1 attempts=2 remark="MissingLinkError: Could not find 'Grant-wise expenditure' link on main page" [crawler_status.json 3876 bytes, 84 ms]
2026-09-30 07:01:46.006 INFO  [worker_2] [16/24 2401001140101] Waiting 26.2 seconds before retry...
2026-09-30 07:02:13.977 WARNING [worker_3] [13/24 2401001090700] Portal hold: the portal is bouncing sessions, waiting 114s with the other workers
2026-09-30 07:03:17.551 WARNING [worker_1] [14/24 2401001090900] Portal hold: the portal is bouncing sessions, waiting 106s with the other workers
2026-09-30 07:04:38.751 WARNING [worker_0] [15/24 2401001130104] Portal hold: the portal is bouncing sessions, waiting 97s with the other workers
2026-09-30 07:06:37.058 WARNING [worker_2] [16/24 2401001140101] Portal hold: the portal is bouncing sessions, waiting 90s with the other workers
2026-09-30 07:13:35.730 INFO  [worker_0] [15/24 2401001130104] Attempt 3/3 START
2026-09-30 07:13:35.732 INFO  [worker_2] [16/24 2401001140101] Attempt 3/3 START
2026-09-30 07:13:35.731 INFO  [worker_1] [14/24 2401001090900] Attempt 3/3 START
2026-09-30 07:13:35.731 INFO  [worker_3] [13/24 2401001090700] Attempt 3/3 START
2026-09-30 07:13:43.251 INFO  [worker_0] [15/24 2401001130104] HTTP GET main page (KoshvaniStatic.aspx) START
2026-09-30 07:13:43.267 INFO  [worker_2] [16/24 2401001140101] HTTP GET main page (KoshvaniStatic.aspx) START
2026-09-30 07:13:43.270 INFO  [worker_3] [13/24 2401001090700] HTTP GET main page (KoshvaniStatic.aspx) START
2026-09-30 07:13:43.274 INFO  [worker_1] [14/24 2401001090900] HTTP GET main page (KoshvaniStatic.aspx) START
2026-09-30 07:18:43.931 WARNING [worker_2] [16/24 2401001140101] HTTP GET main page (KoshvaniStatic.aspx) FAILED after 48.04s kind=connection-reset: ConnectionError: ('Connection aborted.', ConnectionResetError(104, 'Connection reset by peer'))
2026-09-30 07:18:43.934 WARNING [worker_2] [16/24 2401001140101] Attempt 3/3 failed after 48.33s kind=connection-reset: ConnectionError: ('Connection aborted.', ConnectionResetError(104, 'Connection reset by peer'))
2026-09-30 07:18:43.969 INFO  [worker_0] [15/24 2401001130104] HTTP GET main page (KoshvaniStatic.aspx) END status=200 bytes=820 elapsed=48.09s redirects=1 final=ClearSession.aspx
2026-09-30 07:18:43.975 WARNING [worker_0] [15/24 2401001130104] PORTAL BOUNCE at main page: all workers will hold for up to 96s
2026-09-30 07:18:43.975 INFO  [worker_1] [14/24 2401001090900] HTTP GET main page (KoshvaniStatic.aspx) END status=200 bytes=820 elapsed=48.08s redirects=1 final=ClearSession.aspx
2026-09-30 07:18:43.984 WARNING [worker_1] [14/24 2401001090900] PORTAL BOUNCE at main page: all workers will hold for up to 109s
2026-09-30 07:18:44.000 WARNING [worker_1] [14/24 2401001090900] Attempt 3/3 failed after 48.39s kind=missing-link: MissingLinkError: Could not find 'Grant-wise expenditure' link on main page
2026-09-30 07:18:44.001 WARNING [worker_0] [15/24 2401001130104] Attempt 3/3 failed after 48.39s kind=missing-link: MissingLinkError: Could not find 'Grant-wise expenditure' link on main page
2026-09-30 07:18:44.020 INFO  [worker_2] [16/24 2401001140101] STATUS UPDATE scheme=2401001140101 status=-1 attempts=3 remark="ConnectionError: ('Connection aborted.', ConnectionResetError(104, 'Connection reset by peer'))" [crawler_status.json 3896 bytes, 83 ms]
2026-09-30 07:18:44.024 WARNING [worker_2] [16/24 2401001140101] KEEPING last good data for agri-011-2401001140101 (from 2026-09-29T02:01:24+00:00); the failure is only recorded in crawler_status.json
2026-09-30 07:18:44.026 INFO  [worker_2] [16/24 2401001140101] FINAL STATUS: FAILED after 3 attempts
2026-09-30 07:18:44.027 WARNING [worker_2] [16/24 2401001140101] SCHEME DONE status=-1 attempts=3 elapsed=301.82s worker=worker_2
2026-09-30 07:18:44.028 INFO  [worker_2] [17/24 2401001140300] SCHEME START तिलहन बीज मिनीकिट वितरण योजना (Grant 011) (worker=worker_2)
2026-09-30 07:18:44.029 WARNING [worker_2] [17/24 2401001140300] Portal hold: the portal is bouncing sessions, waiting 109s with the other workers
2026-09-30 07:18:44.032 INFO  [worker_1] [14/24 2401001090900] STATUS UPDATE scheme=2401001090900 status=-1 attempts=3 remark="MissingLinkError: Could not find 'Grant-wise expenditure' link on main page" [crawler_status.json 3867 bytes, 9 ms]
2026-09-30 07:18:44.046 WARNING [worker_1] [14/24 2401001090900] KEEPING last good data for agri-011-2401001090900 (from 2026-09-29T02:01:20+00:00); the failure is only recorded in crawler_status.json
2026-09-30 07:18:44.047 INFO  [worker_1] [14/24 2401001090900] FINAL STATUS: FAILED after 3 attempts
2026-09-30 07:18:44.048 WARNING [worker_1] [14/24 2401001090900] SCHEME DONE status=-1 attempts=3 elapsed=301.90s worker=worker_1
2026-09-30 07:18:44.048 INFO  [worker_1] [18/24 2401008000203] SCHEME START कृषि विकास योजनायें (के.60/रा.40-के.) (Grant 011) (worker=worker_1)
2026-09-30 07:18:44.049 INFO  [worker_1] [18/24 2401008000203] Start stagger: waiting 4.3s so workers do not hit the portal together
2026-09-30 07:18:44.052 INFO  [worker_0] [15/24 2401001130104] STATUS UPDATE scheme=2401001130104 status=-1 attempts=3 remark="MissingLinkError: Could not find 'Grant-wise expenditure' link on main page" [crawler_status.json 3867 bytes, 18 ms]
2026-09-30 07:18:44.066 WARNING [worker_0] [15/24 2401001130104] KEEPING last good data for agri-011-2401001130104 (from 2026-09-29T01:48:07+00:00); the failure is only recorded in crawler_status.json
2026-09-30 07:18:44.068 INFO  [worker_0] [15/24 2401001130104] FINAL STATUS: FAILED after 3 attempts
2026-09-30 07:18:44.068 WARNING [worker_0] [15/24 2401001130104] SCHEME DONE status=-1 attempts=3 elapsed=301.90s worker=worker_0
2026-09-30 07:18:44.069 INFO  [worker_0] [19/24 2401008000400] SCHEME START कृषि क्षेत्र की क्षमता एवं कौशल विकास तथा उत्पादन वृद्धि की योजना (Grant 011) (worker=worker_0)
2026-09-30 07:18:44.069 INFO  [worker_0] [19/24 2401008000400] Start stagger: waiting 8.9s so workers do not hit the portal together
2026-09-30 07:18:44.080 INFO  [MainThread] FILE WRITE index.json 14366 bytes 4 ms | overall=RUNNING successful=0 failed=16 unprocessed=8
2026-09-30 07:18:44.092 INFO  [MainThread] FILE WRITE index.json 14366 bytes 4 ms | overall=RUNNING successful=0 failed=16 unprocessed=8
2026-09-30 07:18:44.103 INFO  [MainThread] FILE WRITE index.json 14366 bytes 3 ms | overall=RUNNING successful=0 failed=16 unprocessed=8
2026-09-30 07:18:44.891 INFO  [worker_3] [13/24 2401001090700] HTTP GET main page (KoshvaniStatic.aspx) END status=200 bytes=820 elapsed=48.83s redirects=1 final=ClearSession.aspx
2026-09-30 07:18:44.892 WARNING [worker_3] [13/24 2401001090700] PORTAL BOUNCE at main page: all workers will hold for up to 74s
2026-09-30 07:18:44.906 WARNING [worker_3] [13/24 2401001090700] Attempt 3/3 failed after 49.13s kind=missing-link: MissingLinkError: Could not find 'Grant-wise expenditure' link on main page
2026-09-30 07:18:44.991 INFO  [worker_3] [13/24 2401001090700] STATUS UPDATE scheme=2401001090700 status=-1 attempts=3 remark="MissingLinkError: Could not find 'Grant-wise expenditure' link on main page" [crawler_status.json 3838 bytes, 84 ms]
2026-09-30 07:18:45.001 WARNING [worker_3] [13/24 2401001090700] KEEPING last good data for agri-011-2401001090700 (from 2026-09-29T02:01:19+00:00); the failure is only recorded in crawler_status.json
2026-09-30 07:18:45.003 INFO  [worker_3] [13/24 2401001090700] FINAL STATUS: FAILED after 3 attempts
2026-09-30 07:18:45.003 WARNING [worker_3] [13/24 2401001090700] SCHEME DONE status=-1 attempts=3 elapsed=302.73s worker=worker_3
2026-09-30 07:18:45.004 INFO  [worker_3] [20/24 2402001020109] SCHEME START नेशनल प्रोजेक्ट ऑन स्वायल हेल्थ फर्टिलिटी (के.60/रा.40-के.+ रा.) (Grant 011) (worker=worker_3)
2026-09-30 07:18:45.004 INFO  [worker_3] [20/24 2402001020109] Start stagger: waiting 13.5s so workers do not hit the portal together
2026-09-30 07:18:45.014 INFO  [MainThread] FILE WRITE index.json 14366 bytes 3 ms | overall=RUNNING successful=0 failed=16 unprocessed=8
2026-09-30 07:18:50.176 WARNING [worker_1] [18/24 2401008000203] Portal hold: the portal is bouncing sessions, waiting 105s with the other workers
2026-09-30 07:18:54.811 WARNING [worker_0] [19/24 2401008000400] Portal hold: the portal is bouncing sessions, waiting 100s with the other workers
2026-09-30 07:19:00.155 WARNING [worker_3] [20/24 2402001020109] Portal hold: the portal is bouncing sessions, waiting 95s with the other workers
2026-09-30 07:21:07.550 INFO  [worker_3] [20/24 2402001020109] Attempt 1/3 START
2026-09-30 07:21:07.552 INFO  [worker_0] [19/24 2401008000400] Attempt 1/3 START
2026-09-30 07:21:07.551 INFO  [worker_2] [17/24 2401001140300] Attempt 1/3 START
2026-09-30 07:21:07.553 INFO  [worker_1] [18/24 2401008000203] Attempt 1/3 START
2026-09-30 07:21:07.590 INFO  [worker_3] [20/24 2402001020109] HTTP GET main page (KoshvaniStatic.aspx) START
2026-09-30 07:21:07.598 INFO  [worker_2] [17/24 2401001140300] HTTP GET main page (KoshvaniStatic.aspx) START
2026-09-30 07:21:07.598 INFO  [worker_1] [18/24 2401008000203] HTTP GET main page (KoshvaniStatic.aspx) START
2026-09-30 07:21:07.590 INFO  [worker_0] [19/24 2401008000400] HTTP GET main page (KoshvaniStatic.aspx) START
2026-09-30 07:21:53.620 WARNING [worker_1] [18/24 2401008000203] HTTP GET main page (KoshvaniStatic.aspx) FAILED after 46.02s kind=timeout: ReadTimeout: HTTPSConnectionPool(host='koshvani.up.nic.in', port=443): Read timed out. (read timeout=45)
2026-09-30 07:21:53.621 WARNING [worker_1] [18/24 2401008000203] Attempt 1/3 failed after 46.07s kind=timeout: ReadTimeout: HTTPSConnectionPool(host='koshvani.up.nic.in', port=443): Read timed out. (read timeout=45)
2026-09-30 07:21:53.626 WARNING [worker_0] [19/24 2401008000400] HTTP GET main page (KoshvaniStatic.aspx) FAILED after 46.02s kind=timeout: ReadTimeout: HTTPSConnectionPool(host='koshvani.up.nic.in', port=443): Read timed out. (read timeout=45)
2026-09-30 07:21:53.628 WARNING [worker_0] [19/24 2401008000400] Attempt 1/3 failed after 46.08s kind=timeout: ReadTimeout: HTTPSConnectionPool(host='koshvani.up.nic.in', port=443): Read timed out. (read timeout=45)
2026-09-30 07:21:53.627 WARNING [worker_2] [17/24 2401001140300] HTTP GET main page (KoshvaniStatic.aspx) FAILED after 46.03s kind=timeout: ReadTimeout: HTTPSConnectionPool(host='koshvani.up.nic.in', port=443): Read timed out. (read timeout=45)
2026-09-30 07:21:53.629 WARNING [worker_2] [17/24 2401001140300] Attempt 1/3 failed after 46.08s kind=timeout: ReadTimeout: HTTPSConnectionPool(host='koshvani.up.nic.in', port=443): Read timed out. (read timeout=45)
2026-09-30 07:21:53.627 WARNING [worker_3] [20/24 2402001020109] HTTP GET main page (KoshvaniStatic.aspx) FAILED after 46.04s kind=timeout: ReadTimeout: HTTPSConnectionPool(host='koshvani.up.nic.in', port=443): Read timed out. (read timeout=45)
2026-09-30 07:21:53.630 WARNING [worker_3] [20/24 2402001020109] Attempt 1/3 failed after 46.08s kind=timeout: ReadTimeout: HTTPSConnectionPool(host='koshvani.up.nic.in', port=443): Read timed out. (read timeout=45)
2026-09-30 07:21:53.632 INFO  [worker_1] [18/24 2401008000203] STATUS UPDATE scheme=2401008000203 status=-1 attempts=1 remark="ReadTimeout: HTTPSConnectionPool(host='koshvani.up.nic.in', port=443): Read timed out. (read timeout=45)" [crawler_status.json 3943 bytes, 10 ms]
2026-09-30 07:21:53.632 INFO  [worker_1] [18/24 2401008000203] Waiting 11.2 seconds before retry...
2026-09-30 07:21:53.636 INFO  [worker_0] [19/24 2401008000400] STATUS UPDATE scheme=2401008000400 status=-1 attempts=1 remark="ReadTimeout: HTTPSConnectionPool(host='koshvani.up.nic.in', port=443): Read timed out. (read timeout=45)" [crawler_status.json 4048 bytes, 3 ms]
2026-09-30 07:21:53.636 INFO  [worker_0] [19/24 2401008000400] Waiting 5.1 seconds before retry...
2026-09-30 07:21:53.640 INFO  [worker_2] [17/24 2401001140300] STATUS UPDATE scheme=2401001140300 status=-1 attempts=1 remark="ReadTimeout: HTTPSConnectionPool(host='koshvani.up.nic.in', port=443): Read timed out. (read timeout=45)" [crawler_status.json 4153 bytes, 3 ms]
2026-09-30 07:21:53.641 INFO  [worker_2] [17/24 2401001140300] Waiting 5.7 seconds before retry...
2026-09-30 07:21:53.646 INFO  [worker_3] [20/24 2402001020109] STATUS UPDATE scheme=2402001020109 status=-1 attempts=1 remark="ReadTimeout: HTTPSConnectionPool(host='koshvani.up.nic.in', port=443): Read timed out. (read timeout=45)" [crawler_status.json 4258 bytes, 5 ms]
2026-09-30 07:21:53.647 INFO  [worker_3] [20/24 2402001020109] Waiting 5.2 seconds before retry...
2026-09-30 07:21:58.738 INFO  [worker_0] [19/24 2401008000400] Attempt 2/3 START
2026-09-30 07:21:58.766 INFO  [worker_0] [19/24 2401008000400] HTTP GET main page (KoshvaniStatic.aspx) START
2026-09-30 07:21:58.850 INFO  [worker_3] [20/24 2402001020109] Start stagger: waiting 5.7s so workers do not hit the portal together
2026-09-30 07:21:59.342 INFO  [worker_2] [17/24 2401001140300] Start stagger: waiting 10.3s so workers do not hit the portal together
2026-09-30 07:22:04.569 INFO  [worker_3] [20/24 2402001020109] Attempt 2/3 START
2026-09-30 07:22:04.608 INFO  [worker_3] [20/24 2402001020109] HTTP GET main page (KoshvaniStatic.aspx) START
2026-09-30 07:22:04.834 INFO  [worker_1] [18/24 2401008000203] Start stagger: waiting 9.7s so workers do not hit the portal together
2026-09-30 07:22:09.640 INFO  [worker_2] [17/24 2401001140300] Attempt 2/3 START
2026-09-30 07:22:09.677 INFO  [worker_2] [17/24 2401001140300] HTTP GET main page (KoshvaniStatic.aspx) START
2026-09-30 07:22:14.489 INFO  [worker_1] [18/24 2401008000203] Attempt 2/3 START
2026-09-30 07:22:14.524 INFO  [worker_1] [18/24 2401008000203] HTTP GET main page (KoshvaniStatic.aspx) START
2026-09-30 07:22:44.118 WARNING [worker_0] [19/24 2401008000400] HTTP GET main page (KoshvaniStatic.aspx) FAILED after 45.35s kind=timeout: ReadTimeout: HTTPSConnectionPool(host='koshvani.up.nic.in', port=443): Read timed out. (read timeout=45)
2026-09-30 07:22:44.119 WARNING [worker_0] [19/24 2401008000400] Attempt 2/3 failed after 45.38s kind=timeout: ReadTimeout: HTTPSConnectionPool(host='koshvani.up.nic.in', port=443): Read timed out. (read timeout=45)
2026-09-30 07:22:44.124 INFO  [worker_0] [19/24 2401008000400] STATUS UPDATE scheme=2401008000400 status=-1 attempts=2 remark="ReadTimeout: HTTPSConnectionPool(host='koshvani.up.nic.in', port=443): Read timed out. (read timeout=45)" [crawler_status.json 4258 bytes, 4 ms]
2026-09-30 07:22:44.124 INFO  [worker_0] [19/24 2401008000400] Waiting 17.4 seconds before retry...
2026-09-30 07:22:49.957 WARNING [worker_3] [20/24 2402001020109] HTTP GET main page (KoshvaniStatic.aspx) FAILED after 45.35s kind=timeout: ReadTimeout: HTTPSConnectionPool(host='koshvani.up.nic.in', port=443): Read timed out. (read timeout=45)
2026-09-30 07:22:49.958 WARNING [worker_3] [20/24 2402001020109] Attempt 2/3 failed after 45.39s kind=timeout: ReadTimeout: HTTPSConnectionPool(host='koshvani.up.nic.in', port=443): Read timed out. (read timeout=45)
2026-09-30 07:22:49.966 INFO  [worker_3] [20/24 2402001020109] STATUS UPDATE scheme=2402001020109 status=-1 attempts=2 remark="ReadTimeout: HTTPSConnectionPool(host='koshvani.up.nic.in', port=443): Read timed out. (read timeout=45)" [crawler_status.json 4258 bytes, 8 ms]
2026-09-30 07:22:49.967 INFO  [worker_3] [20/24 2402001020109] Waiting 26.2 seconds before retry...
2026-09-30 07:22:55.000 WARNING [worker_2] [17/24 2401001140300] HTTP GET main page (KoshvaniStatic.aspx) FAILED after 45.32s kind=timeout: ReadTimeout: HTTPSConnectionPool(host='koshvani.up.nic.in', port=443): Read timed out. (read timeout=45)
2026-09-30 07:22:55.001 WARNING [worker_2] [17/24 2401001140300] Attempt 2/3 failed after 45.36s kind=timeout: ReadTimeout: HTTPSConnectionPool(host='koshvani.up.nic.in', port=443): Read timed out. (read timeout=45)
2026-09-30 07:22:55.009 INFO  [worker_2] [17/24 2401001140300] STATUS UPDATE scheme=2401001140300 status=-1 attempts=2 remark="ReadTimeout: HTTPSConnectionPool(host='koshvani.up.nic.in', port=443): Read timed out. (read timeout=45)" [crawler_status.json 4258 bytes, 7 ms]
2026-09-30 07:22:55.009 INFO  [worker_2] [17/24 2401001140300] Waiting 30 seconds before retry...
2026-09-30 07:23:00.142 WARNING [worker_1] [18/24 2401008000203] HTTP GET main page (KoshvaniStatic.aspx) FAILED after 45.62s kind=timeout: ReadTimeout: HTTPSConnectionPool(host='koshvani.up.nic.in', port=443): Read timed out. (read timeout=45)
2026-09-30 07:23:00.143 WARNING [worker_1] [18/24 2401008000203] Attempt 2/3 failed after 45.65s kind=timeout: ReadTimeout: HTTPSConnectionPool(host='koshvani.up.nic.in', port=443): Read timed out. (read timeout=45)
2026-09-30 07:23:00.151 INFO  [worker_1] [18/24 2401008000203] STATUS UPDATE scheme=2401008000203 status=-1 attempts=2 remark="ReadTimeout: HTTPSConnectionPool(host='koshvani.up.nic.in', port=443): Read timed out. (read timeout=45)" [crawler_status.json 4258 bytes, 7 ms]
2026-09-30 07:23:00.152 INFO  [worker_1] [18/24 2401008000203] Waiting 26.6 seconds before retry...
2026-09-30 07:23:01.526 INFO  [worker_0] [19/24 2401008000400] Attempt 3/3 START
2026-09-30 07:23:01.557 INFO  [worker_0] [19/24 2401008000400] HTTP GET main page (KoshvaniStatic.aspx) START
2026-09-30 07:23:16.168 INFO  [worker_3] [20/24 2402001020109] Attempt 3/3 START
2026-09-30 07:23:16.191 INFO  [worker_3] [20/24 2402001020109] HTTP GET main page (KoshvaniStatic.aspx) START
2026-09-30 07:23:25.011 INFO  [worker_2] [17/24 2401001140300] Attempt 3/3 START
2026-09-30 07:23:25.083 INFO  [worker_2] [17/24 2401001140300] HTTP GET main page (KoshvaniStatic.aspx) START
2026-09-30 07:23:26.754 INFO  [worker_1] [18/24 2401008000203] Start stagger: waiting 4.2s so workers do not hit the portal together
2026-09-30 07:23:30.913 INFO  [worker_1] [18/24 2401008000203] Attempt 3/3 START
2026-09-30 07:23:30.947 INFO  [worker_1] [18/24 2401008000203] HTTP GET main page (KoshvaniStatic.aspx) START
2026-09-30 07:23:47.214 WARNING [worker_0] [19/24 2401008000400] HTTP GET main page (KoshvaniStatic.aspx) FAILED after 45.66s kind=timeout: ReadTimeout: HTTPSConnectionPool(host='koshvani.up.nic.in', port=443): Read timed out. (read timeout=45)
2026-09-30 07:23:47.214 WARNING [worker_0] [19/24 2401008000400] Attempt 3/3 failed after 45.69s kind=timeout: ReadTimeout: HTTPSConnectionPool(host='koshvani.up.nic.in', port=443): Read timed out. (read timeout=45)
2026-09-30 07:23:47.222 INFO  [worker_0] [19/24 2401008000400] STATUS UPDATE scheme=2401008000400 status=-1 attempts=3 remark="ReadTimeout: HTTPSConnectionPool(host='koshvani.up.nic.in', port=443): Read timed out. (read timeout=45)" [crawler_status.json 4258 bytes, 7 ms]
2026-09-30 07:23:47.223 WARNING [worker_0] [19/24 2401008000400] KEEPING last good data for agri-011-2401008000400 (from 2026-09-29T02:21:12+00:00); the failure is only recorded in crawler_status.json
2026-09-30 07:23:47.224 INFO  [worker_0] [19/24 2401008000400] FINAL STATUS: FAILED after 3 attempts
2026-09-30 07:23:47.224 WARNING [worker_0] [19/24 2401008000400] SCHEME DONE status=-1 attempts=3 elapsed=268.59s worker=worker_0
2026-09-30 07:23:47.224 INFO  [worker_0] [21/24 2402001020111] SCHEME START नेशनल मिशन ऑन नेचुरल फार्मिग (के.60/रा.40-के.+ रा.) (Grant 011) (worker=worker_0)
2026-09-30 07:23:47.225 INFO  [worker_0] [21/24 2402001020111] Attempt 1/3 START
2026-09-30 07:23:47.235 INFO  [MainThread] FILE WRITE index.json 14370 bytes 3 ms | overall=RUNNING successful=0 failed=20 unprocessed=4
2026-09-30 07:23:47.249 INFO  [worker_0] [21/24 2402001020111] HTTP GET main page (KoshvaniStatic.aspx) START
2026-09-30 07:24:01.542 WARNING [worker_3] [20/24 2402001020109] HTTP GET main page (KoshvaniStatic.aspx) FAILED after 45.35s kind=timeout: ReadTimeout: HTTPSConnectionPool(host='koshvani.up.nic.in', port=443): Read timed out. (read timeout=45)
2026-09-30 07:24:01.543 WARNING [worker_3] [20/24 2402001020109] Attempt 3/3 failed after 45.37s kind=timeout: ReadTimeout: HTTPSConnectionPool(host='koshvani.up.nic.in', port=443): Read timed out. (read timeout=45)
2026-09-30 07:24:01.551 INFO  [worker_3] [20/24 2402001020109] STATUS UPDATE scheme=2402001020109 status=-1 attempts=3 remark="ReadTimeout: HTTPSConnectionPool(host='koshvani.up.nic.in', port=443): Read timed out. (read timeout=45)" [crawler_status.json 4258 bytes, 7 ms]
2026-09-30 07:24:01.552 WARNING [worker_3] [20/24 2402001020109] KEEPING last good data for agri-011-2402001020109 (from 2026-09-29T02:28:20+00:00); the failure is only recorded in crawler_status.json
2026-09-30 07:24:01.552 INFO  [worker_3] [20/24 2402001020109] FINAL STATUS: FAILED after 3 attempts
2026-09-30 07:24:01.553 WARNING [worker_3] [20/24 2402001020109] SCHEME DONE status=-1 attempts=3 elapsed=282.15s worker=worker_3
2026-09-30 07:24:01.553 INFO  [worker_3] [22/24 4401001030300] SCHEME START प्रयोगात्मक प्रक्षेत्र प्रदर्शन और बीज वर्द्धन प्रक्षेत्र (जिला योजना) (Grant 011) (worker=worker_3)
2026-09-30 07:24:01.553 INFO  [worker_3] [22/24 4401001030300] Attempt 1/3 START
2026-09-30 07:24:01.564 INFO  [MainThread] FILE WRITE index.json 14370 bytes 3 ms | overall=RUNNING successful=0 failed=20 unprocessed=4
2026-09-30 07:24:01.577 INFO  [worker_3] [22/24 4401001030300] HTTP GET main page (KoshvaniStatic.aspx) START
2026-09-30 07:24:10.390 WARNING [worker_2] [17/24 2401001140300] HTTP GET main page (KoshvaniStatic.aspx) FAILED after 45.31s kind=timeout: ReadTimeout: HTTPSConnectionPool(host='koshvani.up.nic.in', port=443): Read timed out. (read timeout=45)
2026-09-30 07:24:10.391 WARNING [worker_2] [17/24 2401001140300] Attempt 3/3 failed after 45.38s kind=timeout: ReadTimeout: HTTPSConnectionPool(host='koshvani.up.nic.in', port=443): Read timed out. (read timeout=45)
2026-09-30 07:24:10.401 INFO  [worker_2] [17/24 2401001140300] STATUS UPDATE scheme=2401001140300 status=-1 attempts=3 remark="ReadTimeout: HTTPSConnectionPool(host='koshvani.up.nic.in', port=443): Read timed out. (read timeout=45)" [crawler_status.json 4258 bytes, 9 ms]
2026-09-30 07:24:10.403 WARNING [worker_2] [17/24 2401001140300] KEEPING last good data for agri-011-2401001140300 (from 2026-09-29T02:15:24+00:00); the failure is only recorded in crawler_status.json
2026-09-30 07:24:10.404 INFO  [worker_2] [17/24 2401001140300] FINAL STATUS: FAILED after 3 attempts
2026-09-30 07:24:10.404 WARNING [worker_2] [17/24 2401001140300] SCHEME DONE status=-1 attempts=3 elapsed=291.81s worker=worker_2
2026-09-30 07:24:10.405 INFO  [worker_2] [23/24 4401001030401] SCHEME START खाद्यान्न/दलहन/तिलहन/बीज की लागत और प्रासंगिक व्यय (Grant 011) (worker=worker_2)
2026-09-30 07:24:10.407 INFO  [worker_2] [23/24 4401001030401] Attempt 1/3 START
2026-09-30 07:24:10.420 INFO  [MainThread] FILE WRITE index.json 14370 bytes 3 ms | overall=RUNNING successful=0 failed=20 unprocessed=4
2026-09-30 07:24:10.437 INFO  [worker_2] [23/24 4401001030401] HTTP GET main page (KoshvaniStatic.aspx) START
2026-09-30 07:24:16.268 WARNING [worker_1] [18/24 2401008000203] HTTP GET main page (KoshvaniStatic.aspx) FAILED after 45.32s kind=timeout: ReadTimeout: HTTPSConnectionPool(host='koshvani.up.nic.in', port=443): Read timed out. (read timeout=45)
2026-09-30 07:24:16.269 WARNING [worker_1] [18/24 2401008000203] Attempt 3/3 failed after 45.36s kind=timeout: ReadTimeout: HTTPSConnectionPool(host='koshvani.up.nic.in', port=443): Read timed out. (read timeout=45)
2026-09-30 07:24:16.277 INFO  [worker_1] [18/24 2401008000203] STATUS UPDATE scheme=2401008000203 status=-1 attempts=3 remark="ReadTimeout: HTTPSConnectionPool(host='koshvani.up.nic.in', port=443): Read timed out. (read timeout=45)" [crawler_status.json 4258 bytes, 7 ms]
2026-09-30 07:24:16.278 WARNING [worker_1] [18/24 2401008000203] KEEPING last good data for agri-011-2401008000203 (from 2026-09-29T02:15:38+00:00); the failure is only recorded in crawler_status.json
2026-09-30 07:24:16.278 INFO  [worker_1] [18/24 2401008000203] FINAL STATUS: FAILED after 3 attempts
2026-09-30 07:24:16.279 WARNING [worker_1] [18/24 2401008000203] SCHEME DONE status=-1 attempts=3 elapsed=297.67s worker=worker_1
2026-09-30 07:24:16.279 INFO  [worker_1] [24/24 4401001030403] SCHEME START कपास और बिनोले के बीजों की लागत(प्रासंगिक व्यय सहित) (Grant 011) (worker=worker_1)
2026-09-30 07:24:16.279 INFO  [worker_1] [24/24 4401001030403] Attempt 1/3 START
2026-09-30 07:24:16.294 INFO  [MainThread] FILE WRITE index.json 14370 bytes 4 ms | overall=RUNNING successful=0 failed=20 unprocessed=4
2026-09-30 07:24:16.309 INFO  [worker_1] [24/24 4401001030403] HTTP GET main page (KoshvaniStatic.aspx) START
2026-09-30 07:24:32.619 WARNING [worker_0] [21/24 2402001020111] HTTP GET main page (KoshvaniStatic.aspx) FAILED after 45.37s kind=timeout: ReadTimeout: HTTPSConnectionPool(host='koshvani.up.nic.in', port=443): Read timed out. (read timeout=45)
2026-09-30 07:24:32.620 WARNING [worker_0] [21/24 2402001020111] Attempt 1/3 failed after 45.39s kind=timeout: ReadTimeout: HTTPSConnectionPool(host='koshvani.up.nic.in', port=443): Read timed out. (read timeout=45)
2026-09-30 07:24:32.628 INFO  [worker_0] [21/24 2402001020111] STATUS UPDATE scheme=2402001020111 status=-1 attempts=1 remark="ReadTimeout: HTTPSConnectionPool(host='koshvani.up.nic.in', port=443): Read timed out. (read timeout=45)" [crawler_status.json 4363 bytes, 7 ms]
2026-09-30 07:24:32.629 INFO  [worker_0] [21/24 2402001020111] Waiting 8.6 seconds before retry...
2026-09-30 07:24:41.230 INFO  [worker_0] [21/24 2402001020111] Attempt 2/3 START
2026-09-30 07:24:41.256 INFO  [worker_0] [21/24 2402001020111] HTTP GET main page (KoshvaniStatic.aspx) START
2026-09-30 07:24:46.987 WARNING [worker_3] [22/24 4401001030300] HTTP GET main page (KoshvaniStatic.aspx) FAILED after 45.41s kind=timeout: ReadTimeout: HTTPSConnectionPool(host='koshvani.up.nic.in', port=443): Read timed out. (read timeout=45)
2026-09-30 07:24:46.987 WARNING [worker_3] [22/24 4401001030300] Attempt 1/3 failed after 45.43s kind=timeout: ReadTimeout: HTTPSConnectionPool(host='koshvani.up.nic.in', port=443): Read timed out. (read timeout=45)
2026-09-30 07:24:46.995 INFO  [worker_3] [22/24 4401001030300] STATUS UPDATE scheme=4401001030300 status=-1 attempts=1 remark="ReadTimeout: HTTPSConnectionPool(host='koshvani.up.nic.in', port=443): Read timed out. (read timeout=45)" [crawler_status.json 4468 bytes, 7 ms]
2026-09-30 07:24:46.996 INFO  [worker_3] [22/24 4401001030300] Waiting 12.5 seconds before retry...
2026-09-30 07:24:55.799 WARNING [worker_2] [23/24 4401001030401] HTTP GET main page (KoshvaniStatic.aspx) FAILED after 45.36s kind=timeout: ReadTimeout: HTTPSConnectionPool(host='koshvani.up.nic.in', port=443): Read timed out. (read timeout=45)
2026-09-30 07:24:55.800 WARNING [worker_2] [23/24 4401001030401] Attempt 1/3 failed after 45.39s kind=timeout: ReadTimeout: HTTPSConnectionPool(host='koshvani.up.nic.in', port=443): Read timed out. (read timeout=45)
2026-09-30 07:24:55.808 INFO  [worker_2] [23/24 4401001030401] STATUS UPDATE scheme=4401001030401 status=-1 attempts=1 remark="ReadTimeout: HTTPSConnectionPool(host='koshvani.up.nic.in', port=443): Read timed out. (read timeout=45)" [crawler_status.json 4573 bytes, 7 ms]
2026-09-30 07:24:55.808 INFO  [worker_2] [23/24 4401001030401] Waiting 6.1 seconds before retry...
2026-09-30 07:24:59.497 INFO  [worker_3] [22/24 4401001030300] Attempt 2/3 START
2026-09-30 07:24:59.522 INFO  [worker_3] [22/24 4401001030300] HTTP GET main page (KoshvaniStatic.aspx) START
2026-09-30 07:25:01.647 WARNING [worker_1] [24/24 4401001030403] HTTP GET main page (KoshvaniStatic.aspx) FAILED after 45.34s kind=timeout: ReadTimeout: HTTPSConnectionPool(host='koshvani.up.nic.in', port=443): Read timed out. (read timeout=45)
2026-09-30 07:25:01.648 WARNING [worker_1] [24/24 4401001030403] Attempt 1/3 failed after 45.37s kind=timeout: ReadTimeout: HTTPSConnectionPool(host='koshvani.up.nic.in', port=443): Read timed out. (read timeout=45)
2026-09-30 07:25:01.656 INFO  [worker_1] [24/24 4401001030403] STATUS UPDATE scheme=4401001030403 status=-1 attempts=1 remark="ReadTimeout: HTTPSConnectionPool(host='koshvani.up.nic.in', port=443): Read timed out. (read timeout=45)" [crawler_status.json 4678 bytes, 7 ms]
2026-09-30 07:25:01.657 INFO  [worker_1] [24/24 4401001030403] Waiting 5.1 seconds before retry...
2026-09-30 07:25:01.910 INFO  [worker_2] [23/24 4401001030401] Start stagger: waiting 2.6s so workers do not hit the portal together
2026-09-30 07:25:04.484 INFO  [worker_2] [23/24 4401001030401] Attempt 2/3 START
2026-09-30 07:25:04.515 INFO  [worker_2] [23/24 4401001030401] HTTP GET main page (KoshvaniStatic.aspx) START
2026-09-30 07:25:06.758 INFO  [worker_1] [24/24 4401001030403] Start stagger: waiting 2.5s so workers do not hit the portal together
2026-09-30 07:25:09.215 INFO  [worker_1] [24/24 4401001030403] Attempt 2/3 START
2026-09-30 07:25:09.249 INFO  [worker_1] [24/24 4401001030403] HTTP GET main page (KoshvaniStatic.aspx) START
2026-09-30 07:25:26.703 WARNING [worker_0] [21/24 2402001020111] HTTP GET main page (KoshvaniStatic.aspx) FAILED after 45.45s kind=timeout: ReadTimeout: HTTPSConnectionPool(host='koshvani.up.nic.in', port=443): Read timed out. (read timeout=45)
2026-09-30 07:25:26.704 WARNING [worker_0] [21/24 2402001020111] Attempt 2/3 failed after 45.47s kind=timeout: ReadTimeout: HTTPSConnectionPool(host='koshvani.up.nic.in', port=443): Read timed out. (read timeout=45)
2026-09-30 07:25:26.712 INFO  [worker_0] [21/24 2402001020111] STATUS UPDATE scheme=2402001020111 status=-1 attempts=2 remark="ReadTimeout: HTTPSConnectionPool(host='koshvani.up.nic.in', port=443): Read timed out. (read timeout=45)" [crawler_status.json 4678 bytes, 7 ms]
2026-09-30 07:25:26.713 INFO  [worker_0] [21/24 2402001020111] Waiting 16.9 seconds before retry...
2026-09-30 07:25:43.614 INFO  [worker_0] [21/24 2402001020111] Attempt 3/3 START
2026-09-30 07:25:43.648 INFO  [worker_0] [21/24 2402001020111] HTTP GET main page (KoshvaniStatic.aspx) START
2026-09-30 07:25:44.864 WARNING [worker_3] [22/24 4401001030300] HTTP GET main page (KoshvaniStatic.aspx) FAILED after 45.34s kind=timeout: ReadTimeout: HTTPSConnectionPool(host='koshvani.up.nic.in', port=443): Read timed out. (read timeout=45)
2026-09-30 07:25:44.865 WARNING [worker_3] [22/24 4401001030300] Attempt 2/3 failed after 45.37s kind=timeout: ReadTimeout: HTTPSConnectionPool(host='koshvani.up.nic.in', port=443): Read timed out. (read timeout=45)
2026-09-30 07:25:44.874 INFO  [worker_3] [22/24 4401001030300] STATUS UPDATE scheme=4401001030300 status=-1 attempts=2 remark="ReadTimeout: HTTPSConnectionPool(host='koshvani.up.nic.in', port=443): Read timed out. (read timeout=45)" [crawler_status.json 4678 bytes, 8 ms]
2026-09-30 07:25:44.875 INFO  [worker_3] [22/24 4401001030300] Waiting 18.9 seconds before retry...
2026-09-30 07:25:50.054 WARNING [worker_2] [23/24 4401001030401] HTTP GET main page (KoshvaniStatic.aspx) FAILED after 45.54s kind=timeout: ReadTimeout: HTTPSConnectionPool(host='koshvani.up.nic.in', port=443): Read timed out. (read timeout=45)
2026-09-30 07:25:50.055 WARNING [worker_2] [23/24 4401001030401] Attempt 2/3 failed after 45.57s kind=timeout: ReadTimeout: HTTPSConnectionPool(host='koshvani.up.nic.in', port=443): Read timed out. (read timeout=45)
2026-09-30 07:25:50.063 INFO  [worker_2] [23/24 4401001030401] STATUS UPDATE scheme=4401001030401 status=-1 attempts=2 remark="ReadTimeout: HTTPSConnectionPool(host='koshvani.up.nic.in', port=443): Read timed out. (read timeout=45)" [crawler_status.json 4678 bytes, 8 ms]
2026-09-30 07:25:50.063 INFO  [worker_2] [23/24 4401001030401] Waiting 20.3 seconds before retry...
2026-09-30 07:25:54.669 WARNING [worker_1] [24/24 4401001030403] HTTP GET main page (KoshvaniStatic.aspx) FAILED after 45.42s kind=timeout: ReadTimeout: HTTPSConnectionPool(host='koshvani.up.nic.in', port=443): Read timed out. (read timeout=45)
2026-09-30 07:25:54.670 WARNING [worker_1] [24/24 4401001030403] Attempt 2/3 failed after 45.45s kind=timeout: ReadTimeout: HTTPSConnectionPool(host='koshvani.up.nic.in', port=443): Read timed out. (read timeout=45)
2026-09-30 07:25:54.678 INFO  [worker_1] [24/24 4401001030403] STATUS UPDATE scheme=4401001030403 status=-1 attempts=2 remark="ReadTimeout: HTTPSConnectionPool(host='koshvani.up.nic.in', port=443): Read timed out. (read timeout=45)" [crawler_status.json 4678 bytes, 7 ms]
2026-09-30 07:25:54.678 INFO  [worker_1] [24/24 4401001030403] Waiting 19.3 seconds before retry...
2026-09-30 07:26:03.777 INFO  [worker_3] [22/24 4401001030300] Attempt 3/3 START
2026-09-30 07:26:03.810 INFO  [worker_3] [22/24 4401001030300] HTTP GET main page (KoshvaniStatic.aspx) START
2026-09-30 07:26:10.365 INFO  [worker_2] [23/24 4401001030401] Attempt 3/3 START
2026-09-30 07:26:10.388 INFO  [worker_2] [23/24 4401001030401] HTTP GET main page (KoshvaniStatic.aspx) START
2026-09-30 07:26:13.980 INFO  [worker_1] [24/24 4401001030403] Start stagger: waiting 1.9s so workers do not hit the portal together
2026-09-30 07:26:15.892 INFO  [worker_1] [24/24 4401001030403] Attempt 3/3 START
2026-09-30 07:26:15.916 INFO  [worker_1] [24/24 4401001030403] HTTP GET main page (KoshvaniStatic.aspx) START
2026-09-30 07:26:29.020 WARNING [worker_0] [21/24 2402001020111] HTTP GET main page (KoshvaniStatic.aspx) FAILED after 45.37s kind=timeout: ReadTimeout: HTTPSConnectionPool(host='koshvani.up.nic.in', port=443): Read timed out. (read timeout=45)
2026-09-30 07:26:29.021 WARNING [worker_0] [21/24 2402001020111] Attempt 3/3 failed after 45.41s kind=timeout: ReadTimeout: HTTPSConnectionPool(host='koshvani.up.nic.in', port=443): Read timed out. (read timeout=45)
2026-09-30 07:26:29.029 INFO  [worker_0] [21/24 2402001020111] STATUS UPDATE scheme=2402001020111 status=-1 attempts=3 remark="ReadTimeout: HTTPSConnectionPool(host='koshvani.up.nic.in', port=443): Read timed out. (read timeout=45)" [crawler_status.json 4678 bytes, 7 ms]
2026-09-30 07:26:29.030 WARNING [worker_0] [21/24 2402001020111] KEEPING last good data for agri-011-2402001020111 (from 2026-09-29T02:15:53+00:00); the failure is only recorded in crawler_status.json
2026-09-30 07:26:29.030 INFO  [worker_0] [21/24 2402001020111] FINAL STATUS: FAILED after 3 attempts
2026-09-30 07:26:29.030 WARNING [worker_0] [21/24 2402001020111] SCHEME DONE status=-1 attempts=3 elapsed=161.81s worker=worker_0
2026-09-30 07:26:29.045 INFO  [MainThread] FILE WRITE index.json 14374 bytes 4 ms | overall=RUNNING successful=0 failed=24 unprocessed=0
2026-09-30 07:26:49.303 WARNING [worker_3] [22/24 4401001030300] HTTP GET main page (KoshvaniStatic.aspx) FAILED after 45.49s kind=timeout: ReadTimeout: HTTPSConnectionPool(host='koshvani.up.nic.in', port=443): Read timed out. (read timeout=45)
2026-09-30 07:26:49.304 WARNING [worker_3] [22/24 4401001030300] Attempt 3/3 failed after 45.53s kind=timeout: ReadTimeout: HTTPSConnectionPool(host='koshvani.up.nic.in', port=443): Read timed out. (read timeout=45)
2026-09-30 07:26:49.312 INFO  [worker_3] [22/24 4401001030300] STATUS UPDATE scheme=4401001030300 status=-1 attempts=3 remark="ReadTimeout: HTTPSConnectionPool(host='koshvani.up.nic.in', port=443): Read timed out. (read timeout=45)" [crawler_status.json 4678 bytes, 8 ms]
2026-09-30 07:26:49.313 WARNING [worker_3] [22/24 4401001030300] KEEPING last good data for agri-011-4401001030300 (from 2026-09-29T02:16:15+00:00); the failure is only recorded in crawler_status.json
2026-09-30 07:26:49.314 INFO  [worker_3] [22/24 4401001030300] FINAL STATUS: FAILED after 3 attempts
2026-09-30 07:26:49.314 WARNING [worker_3] [22/24 4401001030300] SCHEME DONE status=-1 attempts=3 elapsed=167.76s worker=worker_3
2026-09-30 07:26:49.324 INFO  [MainThread] FILE WRITE index.json 14374 bytes 3 ms | overall=RUNNING successful=0 failed=24 unprocessed=0
2026-09-30 07:26:55.992 WARNING [worker_2] [23/24 4401001030401] HTTP GET main page (KoshvaniStatic.aspx) FAILED after 45.60s kind=timeout: ReadTimeout: HTTPSConnectionPool(host='koshvani.up.nic.in', port=443): Read timed out. (read timeout=45)
2026-09-30 07:26:55.993 WARNING [worker_2] [23/24 4401001030401] Attempt 3/3 failed after 45.63s kind=timeout: ReadTimeout: HTTPSConnectionPool(host='koshvani.up.nic.in', port=443): Read timed out. (read timeout=45)
2026-09-30 07:26:56.000 INFO  [worker_2] [23/24 4401001030401] STATUS UPDATE scheme=4401001030401 status=-1 attempts=3 remark="ReadTimeout: HTTPSConnectionPool(host='koshvani.up.nic.in', port=443): Read timed out. (read timeout=45)" [crawler_status.json 4678 bytes, 7 ms]
2026-09-30 07:26:56.001 WARNING [worker_2] [23/24 4401001030401] KEEPING last good data for agri-011-4401001030401 (from 2026-09-29T02:28:16+00:00); the failure is only recorded in crawler_status.json
2026-09-30 07:26:56.002 INFO  [worker_2] [23/24 4401001030401] FINAL STATUS: FAILED after 3 attempts
2026-09-30 07:26:56.002 WARNING [worker_2] [23/24 4401001030401] SCHEME DONE status=-1 attempts=3 elapsed=165.60s worker=worker_2
2026-09-30 07:26:56.015 INFO  [MainThread] FILE WRITE index.json 14374 bytes 4 ms | overall=RUNNING successful=0 failed=24 unprocessed=0
2026-09-30 07:27:02.166 WARNING [worker_1] [24/24 4401001030403] HTTP GET main page (KoshvaniStatic.aspx) FAILED after 46.25s kind=timeout: ReadTimeout: HTTPSConnectionPool(host='koshvani.up.nic.in', port=443): Read timed out. (read timeout=45)
2026-09-30 07:27:02.167 WARNING [worker_1] [24/24 4401001030403] Attempt 3/3 failed after 46.27s kind=timeout: ReadTimeout: HTTPSConnectionPool(host='koshvani.up.nic.in', port=443): Read timed out. (read timeout=45)
2026-09-30 07:27:02.175 INFO  [worker_1] [24/24 4401001030403] STATUS UPDATE scheme=4401001030403 status=-1 attempts=3 remark="ReadTimeout: HTTPSConnectionPool(host='koshvani.up.nic.in', port=443): Read timed out. (read timeout=45)" [crawler_status.json 4678 bytes, 7 ms]
2026-09-30 07:27:02.176 WARNING [worker_1] [24/24 4401001030403] KEEPING last good data for agri-011-4401001030403 (from 2026-09-29T02:28:18+00:00); the failure is only recorded in crawler_status.json
2026-09-30 07:27:02.176 INFO  [worker_1] [24/24 4401001030403] FINAL STATUS: FAILED after 3 attempts
2026-09-30 07:27:02.176 WARNING [worker_1] [24/24 4401001030403] SCHEME DONE status=-1 attempts=3 elapsed=165.90s worker=worker_1
2026-09-30 07:27:02.190 INFO  [MainThread] FILE WRITE index.json 14374 bytes 4 ms | overall=RUNNING successful=0 failed=24 unprocessed=0
2026-09-30 07:27:02.192 WARNING [MainThread] COOL-DOWN round 1/2: 24 scheme(s) still failed; waiting 300s for the portal to settle
2026-09-30 07:32:02.195 INFO  [worker_0] [01/24 2401000010500] SCHEME START [cool-down round 1/2] कृषि विभाग — जिला संगठन (Grant 011) (worker=worker_0)
2026-09-30 07:32:02.196 INFO  [worker_0] [01/24 2401000010500] Attempt 1/3 START
2026-09-30 07:32:02.196 INFO  [worker_3] [02/24 2401001020103] SCHEME START [cool-down round 1/2] फूड एण्ड न्यूट्रिशन सिक्यूरिटी (कृषि उन्नति योजना) (के.60/रा.40-के.+ रा.) (Grant 011) (worker=worker_3)
2026-09-30 07:32:02.196 INFO  [worker_2] [03/24 2401001020129] SCHEME START [cool-down round 1/2] मिशन फार आत्मनिर्भरता इन पल्सेस (के.60/रा.40-के.+रा.) (Grant 011) (worker=worker_2)
2026-09-30 07:32:02.196 INFO  [worker_1] [04/24 2401001030300] SCHEME START [cool-down round 1/2] प्रयोगात्मक प्रक्षेत्र प्रदर्शन और बीज बर्द्धन प्रक्षेत्र (Grant 011) (worker=worker_1)
2026-09-30 07:32:02.197 INFO  [worker_3] [02/24 2401001020103] Start stagger: waiting 4.4s so workers do not hit the portal together
2026-09-30 07:32:02.198 INFO  [worker_2] [03/24 2401001020129] Start stagger: waiting 8.5s so workers do not hit the portal together
2026-09-30 07:32:02.199 INFO  [worker_1] [04/24 2401001030300] Start stagger: waiting 12.6s so workers do not hit the portal together
2026-09-30 07:32:02.224 INFO  [worker_0] [01/24 2401000010500] HTTP GET main page (KoshvaniStatic.aspx) START
2026-09-30 07:32:06.576 INFO  [worker_3] [02/24 2401001020103] Attempt 1/3 START
2026-09-30 07:32:06.600 INFO  [worker_3] [02/24 2401001020103] HTTP GET main page (KoshvaniStatic.aspx) START
2026-09-30 07:32:10.736 INFO  [worker_2] [03/24 2401001020129] Attempt 1/3 START
2026-09-30 07:32:10.769 INFO  [worker_2] [03/24 2401001020129] HTTP GET main page (KoshvaniStatic.aspx) START
2026-09-30 07:32:14.845 INFO  [worker_1] [04/24 2401001030300] Attempt 1/3 START
2026-09-30 07:32:14.878 INFO  [worker_1] [04/24 2401001030300] HTTP GET main page (KoshvaniStatic.aspx) START
2026-09-30 07:32:47.700 WARNING [worker_0] [01/24 2401000010500] HTTP GET main page (KoshvaniStatic.aspx) FAILED after 45.48s kind=timeout: ReadTimeout: HTTPSConnectionPool(host='koshvani.up.nic.in', port=443): Read timed out. (read timeout=45)
2026-09-30 07:32:47.701 WARNING [worker_0] [01/24 2401000010500] Attempt 1/3 failed after 45.50s kind=timeout: ReadTimeout: HTTPSConnectionPool(host='koshvani.up.nic.in', port=443): Read timed out. (read timeout=45)
2026-09-30 07:32:47.709 INFO  [worker_0] [01/24 2401000010500] STATUS UPDATE scheme=2401000010500 status=-1 attempts=4 remark="ReadTimeout: HTTPSConnectionPool(host='koshvani.up.nic.in', port=443): Read timed out. (read timeout=45)" [crawler_status.json 4707 bytes, 7 ms]
2026-09-30 07:32:47.710 INFO  [worker_0] [01/24 2401000010500] Waiting 11.7 seconds before retry...
2026-09-30 07:32:51.936 WARNING [worker_3] [02/24 2401001020103] HTTP GET main page (KoshvaniStatic.aspx) FAILED after 45.34s kind=timeout: ReadTimeout: HTTPSConnectionPool(host='koshvani.up.nic.in', port=443): Read timed out. (read timeout=45)
2026-09-30 07:32:51.937 WARNING [worker_3] [02/24 2401001020103] Attempt 1/3 failed after 45.36s kind=timeout: ReadTimeout: HTTPSConnectionPool(host='koshvani.up.nic.in', port=443): Read timed out. (read timeout=45)
2026-09-30 07:32:51.945 INFO  [worker_3] [02/24 2401001020103] STATUS UPDATE scheme=2401001020103 status=-1 attempts=4 remark="ReadTimeout: HTTPSConnectionPool(host='koshvani.up.nic.in', port=443): Read timed out. (read timeout=45)" [crawler_status.json 4736 bytes, 7 ms]
2026-09-30 07:32:51.945 INFO  [worker_3] [02/24 2401001020103] Waiting 10.8 seconds before retry...
2026-09-30 07:32:56.117 WARNING [worker_2] [03/24 2401001020129] HTTP GET main page (KoshvaniStatic.aspx) FAILED after 45.35s kind=timeout: ReadTimeout: HTTPSConnectionPool(host='koshvani.up.nic.in', port=443): Read timed out. (read timeout=45)
2026-09-30 07:32:56.118 WARNING [worker_2] [03/24 2401001020129] Attempt 1/3 failed after 45.38s kind=timeout: ReadTimeout: HTTPSConnectionPool(host='koshvani.up.nic.in', port=443): Read timed out. (read timeout=45)
2026-09-30 07:32:56.126 INFO  [worker_2] [03/24 2401001020129] STATUS UPDATE scheme=2401001020129 status=-1 attempts=4 remark="ReadTimeout: HTTPSConnectionPool(host='koshvani.up.nic.in', port=443): Read timed out. (read timeout=45)" [crawler_status.json 4745 bytes, 8 ms]
2026-09-30 07:32:56.127 INFO  [worker_2] [03/24 2401001020129] Waiting 12.2 seconds before retry...
2026-09-30 07:32:59.412 INFO  [worker_0] [01/24 2401000010500] Attempt 2/3 START
2026-09-30 07:32:59.445 INFO  [worker_0] [01/24 2401000010500] HTTP GET main page (KoshvaniStatic.aspx) START
2026-09-30 07:33:00.437 WARNING [worker_1] [04/24 2401001030300] HTTP GET main page (KoshvaniStatic.aspx) FAILED after 45.56s kind=timeout: ReadTimeout: HTTPSConnectionPool(host='koshvani.up.nic.in', port=443): Read timed out. (read timeout=45)
2026-09-30 07:33:00.438 WARNING [worker_1] [04/24 2401001030300] Attempt 1/3 failed after 45.59s kind=timeout: ReadTimeout: HTTPSConnectionPool(host='koshvani.up.nic.in', port=443): Read timed out. (read timeout=45)
2026-09-30 07:33:00.446 INFO  [worker_1] [04/24 2401001030300] STATUS UPDATE scheme=2401001030300 status=-1 attempts=4 remark="ReadTimeout: HTTPSConnectionPool(host='koshvani.up.nic.in', port=443): Read timed out. (read timeout=45)" [crawler_status.json 4754 bytes, 8 ms]
2026-09-30 07:33:00.447 INFO  [worker_1] [04/24 2401001030300] Waiting 9.3 seconds before retry...
2026-09-30 07:33:02.747 INFO  [worker_3] [02/24 2401001020103] Start stagger: waiting 0.7s so workers do not hit the portal together
2026-09-30 07:33:03.442 INFO  [worker_3] [02/24 2401001020103] Attempt 2/3 START
2026-09-30 07:33:03.472 INFO  [worker_3] [02/24 2401001020103] HTTP GET main page (KoshvaniStatic.aspx) START
2026-09-30 07:33:08.328 INFO  [worker_2] [03/24 2401001020129] Start stagger: waiting 0.8s so workers do not hit the portal together
2026-09-30 07:33:09.137 INFO  [worker_2] [03/24 2401001020129] Attempt 2/3 START
2026-09-30 07:33:09.166 INFO  [worker_2] [03/24 2401001020129] HTTP GET main page (KoshvaniStatic.aspx) START
2026-09-30 07:33:09.748 INFO  [worker_1] [04/24 2401001030300] Start stagger: waiting 4.1s so workers do not hit the portal together
2026-09-30 07:33:13.854 INFO  [worker_1] [04/24 2401001030300] Attempt 2/3 START
2026-09-30 07:33:13.887 INFO  [worker_1] [04/24 2401001030300] HTTP GET main page (KoshvaniStatic.aspx) START
2026-09-30 07:33:44.929 WARNING [worker_0] [01/24 2401000010500] HTTP GET main page (KoshvaniStatic.aspx) FAILED after 45.48s kind=timeout: ReadTimeout: HTTPSConnectionPool(host='koshvani.up.nic.in', port=443): Read timed out. (read timeout=45)
2026-09-30 07:33:44.930 WARNING [worker_0] [01/24 2401000010500] Attempt 2/3 failed after 45.52s kind=timeout: ReadTimeout: HTTPSConnectionPool(host='koshvani.up.nic.in', port=443): Read timed out. (read timeout=45)
2026-09-30 07:33:44.938 INFO  [worker_0] [01/24 2401000010500] STATUS UPDATE scheme=2401000010500 status=-1 attempts=5 remark="ReadTimeout: HTTPSConnectionPool(host='koshvani.up.nic.in', port=443): Read timed out. (read timeout=45)" [crawler_status.json 4754 bytes, 8 ms]
2026-09-30 07:33:44.939 INFO  [worker_0] [01/24 2401000010500] Waiting 25.3 seconds before retry...
2026-09-30 07:33:49.091 WARNING [worker_3] [02/24 2401001020103] HTTP GET main page (KoshvaniStatic.aspx) FAILED after 45.62s kind=timeout: ReadTimeout: HTTPSConnectionPool(host='koshvani.up.nic.in', port=443): Read timed out. (read timeout=45)
2026-09-30 07:33:49.092 WARNING [worker_3] [02/24 2401001020103] Attempt 2/3 failed after 45.65s kind=timeout: ReadTimeout: HTTPSConnectionPool(host='koshvani.up.nic.in', port=443): Read timed out. (read timeout=45)
2026-09-30 07:33:49.101 INFO  [worker_3] [02/24 2401001020103] STATUS UPDATE scheme=2401001020103 status=-1 attempts=5 remark="ReadTimeout: HTTPSConnectionPool(host='koshvani.up.nic.in', port=443): Read timed out. (read timeout=45)" [crawler_status.json 4754 bytes, 8 ms]
2026-09-30 07:33:49.103 INFO  [worker_3] [02/24 2401001020103] Waiting 24 seconds before retry...
2026-09-30 07:33:54.502 WARNING [worker_2] [03/24 2401001020129] HTTP GET main page (KoshvaniStatic.aspx) FAILED after 45.33s kind=timeout: ReadTimeout: HTTPSConnectionPool(host='koshvani.up.nic.in', port=443): Read timed out. (read timeout=45)
2026-09-30 07:33:54.502 WARNING [worker_2] [03/24 2401001020129] Attempt 2/3 failed after 45.36s kind=timeout: ReadTimeout: HTTPSConnectionPool(host='koshvani.up.nic.in', port=443): Read timed out. (read timeout=45)
2026-09-30 07:33:54.510 INFO  [worker_2] [03/24 2401001020129] STATUS UPDATE scheme=2401001020129 status=-1 attempts=5 remark="ReadTimeout: HTTPSConnectionPool(host='koshvani.up.nic.in', port=443): Read timed out. (read timeout=45)" [crawler_status.json 4754 bytes, 7 ms]
2026-09-30 07:33:54.511 INFO  [worker_2] [03/24 2401001020129] Waiting 29.3 seconds before retry...
2026-09-30 07:33:59.908 WARNING [worker_1] [04/24 2401001030300] HTTP GET main page (KoshvaniStatic.aspx) FAILED after 46.02s kind=timeout: ReadTimeout: HTTPSConnectionPool(host='koshvani.up.nic.in', port=443): Read timed out. (read timeout=45)
2026-09-30 07:33:59.909 WARNING [worker_1] [04/24 2401001030300] Attempt 2/3 failed after 46.05s kind=timeout: ReadTimeout: HTTPSConnectionPool(host='koshvani.up.nic.in', port=443): Read timed out. (read timeout=45)
2026-09-30 07:33:59.912 INFO  [worker_1] [04/24 2401001030300] STATUS UPDATE scheme=2401001030300 status=-1 attempts=5 remark="ReadTimeout: HTTPSConnectionPool(host='koshvani.up.nic.in', port=443): Read timed out. (read timeout=45)" [crawler_status.json 4754 bytes, 3 ms]
2026-09-30 07:33:59.913 INFO  [worker_1] [04/24 2401001030300] Waiting 26.3 seconds before retry...
2026-09-30 07:34:10.241 INFO  [worker_0] [01/24 2401000010500] Attempt 3/3 START
2026-09-30 07:34:10.274 INFO  [worker_0] [01/24 2401000010500] HTTP GET main page (KoshvaniStatic.aspx) START
2026-09-30 07:34:13.105 INFO  [worker_3] [02/24 2401001020103] Start stagger: waiting 2.5s so workers do not hit the portal together
2026-09-30 07:34:15.639 INFO  [worker_3] [02/24 2401001020103] Attempt 3/3 START
2026-09-30 07:34:15.673 INFO  [worker_3] [02/24 2401001020103] HTTP GET main page (KoshvaniStatic.aspx) START
2026-09-30 07:34:23.812 INFO  [worker_2] [03/24 2401001020129] Attempt 3/3 START
2026-09-30 07:34:23.836 INFO  [worker_2] [03/24 2401001020129] HTTP GET main page (KoshvaniStatic.aspx) START
2026-09-30 07:34:26.214 INFO  [worker_1] [04/24 2401001030300] Start stagger: waiting 2.4s so workers do not hit the portal together
2026-09-30 07:34:28.620 INFO  [worker_1] [04/24 2401001030300] Attempt 3/3 START
2026-09-30 07:34:28.644 INFO  [worker_1] [04/24 2401001030300] HTTP GET main page (KoshvaniStatic.aspx) START
2026-09-30 07:34:56.655 WARNING [worker_0] [01/24 2401000010500] HTTP GET main page (KoshvaniStatic.aspx) FAILED after 46.38s kind=timeout: ReadTimeout: HTTPSConnectionPool(host='koshvani.up.nic.in', port=443): Read timed out. (read timeout=45)
2026-09-30 07:34:56.656 WARNING [worker_0] [01/24 2401000010500] Attempt 3/3 failed after 46.41s kind=timeout: ReadTimeout: HTTPSConnectionPool(host='koshvani.up.nic.in', port=443): Read timed out. (read timeout=45)
2026-09-30 07:34:56.664 INFO  [worker_0] [01/24 2401000010500] STATUS UPDATE scheme=2401000010500 status=-1 attempts=6 remark="ReadTimeout: HTTPSConnectionPool(host='koshvani.up.nic.in', port=443): Read timed out. (read timeout=45)" [crawler_status.json 4754 bytes, 7 ms]
2026-09-30 07:34:56.665 WARNING [worker_0] [01/24 2401000010500] KEEPING last good data for agri-011-2401000010500 (from 2026-09-29T00:10:12+00:00); the failure is only recorded in crawler_status.json
2026-09-30 07:34:56.665 INFO  [worker_0] [01/24 2401000010500] FINAL STATUS: FAILED after 6 attempts
2026-09-30 07:34:56.666 WARNING [worker_0] [01/24 2401000010500] SCHEME DONE status=-1 attempts=6 elapsed=174.47s worker=worker_0
2026-09-30 07:34:56.666 INFO  [worker_0] [05/24 2401001030500] SCHEME START [cool-down round 1/2] संकर बीजों के उपयोग को बढ़ावा देने की योजना (Grant 011) (worker=worker_0)
2026-09-30 07:34:56.666 INFO  [worker_0] [05/24 2401001030500] Attempt 1/3 START
2026-09-30 07:34:56.721 INFO  [worker_0] [05/24 2401001030500] HTTP GET main page (KoshvaniStatic.aspx) START
2026-09-30 07:34:56.734 INFO  [MainThread] FILE WRITE index.json 14374 bytes 4 ms | overall=RUNNING successful=0 failed=24 unprocessed=0
2026-09-30 07:35:00.991 WARNING [worker_3] [02/24 2401001020103] HTTP GET main page (KoshvaniStatic.aspx) FAILED after 45.32s kind=timeout: ReadTimeout: HTTPSConnectionPool(host='koshvani.up.nic.in', port=443): Read timed out. (read timeout=45)
2026-09-30 07:35:00.992 WARNING [worker_3] [02/24 2401001020103] Attempt 3/3 failed after 45.35s kind=timeout: ReadTimeout: HTTPSConnectionPool(host='koshvani.up.nic.in', port=443): Read timed out. (read timeout=45)
2026-09-30 07:35:00.999 INFO  [worker_3] [02/24 2401001020103] STATUS UPDATE scheme=2401001020103 status=-1 attempts=6 remark="ReadTimeout: HTTPSConnectionPool(host='koshvani.up.nic.in', port=443): Read timed out. (read timeout=45)" [crawler_status.json 4754 bytes, 7 ms]
2026-09-30 07:35:01.000 WARNING [worker_3] [02/24 2401001020103] KEEPING last good data for agri-011-2401001020103 (from 2026-09-29T00:06:11+00:00); the failure is only recorded in crawler_status.json
2026-09-30 07:35:01.001 INFO  [worker_3] [02/24 2401001020103] FINAL STATUS: FAILED after 6 attempts
2026-09-30 07:35:01.001 WARNING [worker_3] [02/24 2401001020103] SCHEME DONE status=-1 attempts=6 elapsed=178.81s worker=worker_3
2026-09-30 07:35:01.001 INFO  [worker_3] [06/24 2401001030600] SCHEME START [cool-down round 1/2] उत्तर प्रदेश मिलेट्स पुनरोद्धार कार्यक्रम (Grant 011) (worker=worker_3)
2026-09-30 07:35:01.002 INFO  [worker_3] [06/24 2401001030600] Attempt 1/3 START
2026-09-30 07:35:01.012 INFO  [MainThread] FILE WRITE index.json 14374 bytes 3 ms | overall=RUNNING successful=0 failed=24 unprocessed=0
2026-09-30 07:35:01.026 INFO  [worker_3] [06/24 2401001030600] HTTP GET main page (KoshvaniStatic.aspx) START
2026-09-30 07:35:09.300 WARNING [worker_2] [03/24 2401001020129] HTTP GET main page (KoshvaniStatic.aspx) FAILED after 45.46s kind=timeout: ReadTimeout: HTTPSConnectionPool(host='koshvani.up.nic.in', port=443): Read timed out. (read timeout=45)
2026-09-30 07:35:09.301 WARNING [worker_2] [03/24 2401001020129] Attempt 3/3 failed after 45.49s kind=timeout: ReadTimeout: HTTPSConnectionPool(host='koshvani.up.nic.in', port=443): Read timed out. (read timeout=45)
2026-09-30 07:35:09.310 INFO  [worker_2] [03/24 2401001020129] STATUS UPDATE scheme=2401001020129 status=-1 attempts=6 remark="ReadTimeout: HTTPSConnectionPool(host='koshvani.up.nic.in', port=443): Read timed out. (read timeout=45)" [crawler_status.json 4754 bytes, 8 ms]
2026-09-30 07:35:09.312 WARNING [worker_2] [03/24 2401001020129] KEEPING last good data for agri-011-2401001020129 (from 2026-09-29T00:06:51+00:00); the failure is only recorded in crawler_status.json
2026-09-30 07:35:09.314 INFO  [worker_2] [03/24 2401001020129] FINAL STATUS: FAILED after 6 attempts
2026-09-30 07:35:09.315 WARNING [worker_2] [03/24 2401001020129] SCHEME DONE status=-1 attempts=6 elapsed=187.12s worker=worker_2
2026-09-30 07:35:09.316 INFO  [worker_2] [07/24 2401001070300] SCHEME START [cool-down round 1/2] पौध संरक्षण सेवा तथा कृषि रक्षा सेवा (Grant 011) (worker=worker_2)
2026-09-30 07:35:09.318 INFO  [worker_2] [07/24 2401001070300] Attempt 1/3 START
2026-09-30 07:35:09.330 INFO  [MainThread] FILE WRITE index.json 14374 bytes 4 ms | overall=RUNNING successful=0 failed=24 unprocessed=0
2026-09-30 07:35:09.351 INFO  [worker_2] [07/24 2401001070300] HTTP GET main page (KoshvaniStatic.aspx) START
2026-09-30 07:35:14.021 WARNING [worker_1] [04/24 2401001030300] HTTP GET main page (KoshvaniStatic.aspx) FAILED after 45.38s kind=timeout: ReadTimeout: HTTPSConnectionPool(host='koshvani.up.nic.in', port=443): Read timed out. (read timeout=45)
2026-09-30 07:35:14.022 WARNING [worker_1] [04/24 2401001030300] Attempt 3/3 failed after 45.40s kind=timeout: ReadTimeout: HTTPSConnectionPool(host='koshvani.up.nic.in', port=443): Read timed out. (read timeout=45)
2026-09-30 07:35:14.032 INFO  [worker_1] [04/24 2401001030300] STATUS UPDATE scheme=2401001030300 status=-1 attempts=6 remark="ReadTimeout: HTTPSConnectionPool(host='koshvani.up.nic.in', port=443): Read timed out. (read timeout=45)" [crawler_status.json 4754 bytes, 9 ms]
2026-09-30 07:35:14.034 WARNING [worker_1] [04/24 2401001030300] KEEPING last good data for agri-011-2401001030300 (from 2026-09-29T00:10:11+00:00); the failure is only recorded in crawler_status.json
2026-09-30 07:35:14.035 INFO  [worker_1] [04/24 2401001030300] FINAL STATUS: FAILED after 6 attempts
2026-09-30 07:35:14.035 WARNING [worker_1] [04/24 2401001030300] SCHEME DONE status=-1 attempts=6 elapsed=191.84s worker=worker_1
2026-09-30 07:35:14.036 INFO  [worker_1] [08/24 2401001070400] SCHEME START [cool-down round 1/2] विभिन्न परिस्थितिकी संसाधनों द्वारा कीट / रोग नियंत्रण (Grant 011) (worker=worker_1)
2026-09-30 07:35:14.037 INFO  [worker_1] [08/24 2401001070400] Attempt 1/3 START
2026-09-30 07:35:14.049 INFO  [MainThread] FILE WRITE index.json 14374 bytes 4 ms | overall=RUNNING successful=0 failed=24 unprocessed=0
2026-09-30 07:35:14.064 INFO  [worker_1] [08/24 2401001070400] HTTP GET main page (KoshvaniStatic.aspx) START
2026-09-30 07:35:42.079 WARNING [worker_0] [05/24 2401001030500] HTTP GET main page (KoshvaniStatic.aspx) FAILED after 45.36s kind=timeout: ReadTimeout: HTTPSConnectionPool(host='koshvani.up.nic.in', port=443): Read timed out. (read timeout=45)
2026-09-30 07:35:42.080 WARNING [worker_0] [05/24 2401001030500] Attempt 1/3 failed after 45.41s kind=timeout: ReadTimeout: HTTPSConnectionPool(host='koshvani.up.nic.in', port=443): Read timed out. (read timeout=45)
2026-09-30 07:35:42.088 INFO  [worker_0] [05/24 2401001030500] STATUS UPDATE scheme=2401001030500 status=-1 attempts=4 remark="ReadTimeout: HTTPSConnectionPool(host='koshvani.up.nic.in', port=443): Read timed out. (read timeout=45)" [crawler_status.json 4763 bytes, 7 ms]
2026-09-30 07:35:42.089 INFO  [worker_0] [05/24 2401001030500] Waiting 12.4 seconds before retry...
2026-09-30 07:35:46.849 WARNING [worker_3] [06/24 2401001030600] HTTP GET main page (KoshvaniStatic.aspx) FAILED after 45.82s kind=timeout: ReadTimeout: HTTPSConnectionPool(host='koshvani.up.nic.in', port=443): Read timed out. (read timeout=45)
2026-09-30 07:35:46.850 WARNING [worker_3] [06/24 2401001030600] Attempt 1/3 failed after 45.85s kind=timeout: ReadTimeout: HTTPSConnectionPool(host='koshvani.up.nic.in', port=443): Read timed out. (read timeout=45)
2026-09-30 07:35:46.860 INFO  [worker_3] [06/24 2401001030600] STATUS UPDATE scheme=2401001030600 status=-1 attempts=4 remark="ReadTimeout: HTTPSConnectionPool(host='koshvani.up.nic.in', port=443): Read timed out. (read timeout=45)" [crawler_status.json 4772 bytes, 9 ms]
2026-09-30 07:35:46.861 INFO  [worker_3] [06/24 2401001030600] Waiting 7.8 seconds before retry...
2026-09-30 07:35:54.490 INFO  [worker_0] [05/24 2401001030500] Attempt 2/3 START
2026-09-30 07:35:54.523 INFO  [worker_0] [05/24 2401001030500] HTTP GET main page (KoshvaniStatic.aspx) START
2026-09-30 07:35:54.663 INFO  [worker_3] [06/24 2401001030600] Start stagger: waiting 4.6s so workers do not hit the portal together
2026-09-30 07:35:54.727 WARNING [worker_2] [07/24 2401001070300] HTTP GET main page (KoshvaniStatic.aspx) FAILED after 45.38s kind=timeout: ReadTimeout: HTTPSConnectionPool(host='koshvani.up.nic.in', port=443): Read timed out. (read timeout=45)
2026-09-30 07:35:54.728 WARNING [worker_2] [07/24 2401001070300] Attempt 1/3 failed after 45.41s kind=timeout: ReadTimeout: HTTPSConnectionPool(host='koshvani.up.nic.in', port=443): Read timed out. (read timeout=45)
2026-09-30 07:35:54.736 INFO  [worker_2] [07/24 2401001070300] STATUS UPDATE scheme=2401001070300 status=-1 attempts=4 remark="ReadTimeout: HTTPSConnectionPool(host='koshvani.up.nic.in', port=443): Read timed out. (read timeout=45)" [crawler_status.json 4781 bytes, 7 ms]
2026-09-30 07:35:54.737 INFO  [worker_2] [07/24 2401001070300] Waiting 10.1 seconds before retry...
2026-09-30 07:35:59.228 INFO  [worker_3] [06/24 2401001030600] Attempt 2/3 START
2026-09-30 07:35:59.262 INFO  [worker_3] [06/24 2401001030600] HTTP GET main page (KoshvaniStatic.aspx) START
2026-09-30 07:35:59.372 WARNING [worker_1] [08/24 2401001070400] HTTP GET main page (KoshvaniStatic.aspx) FAILED after 45.31s kind=timeout: ReadTimeout: HTTPSConnectionPool(host='koshvani.up.nic.in', port=443): Read timed out. (read timeout=45)
2026-09-30 07:35:59.373 WARNING [worker_1] [08/24 2401001070400] Attempt 1/3 failed after 45.34s kind=timeout: ReadTimeout: HTTPSConnectionPool(host='koshvani.up.nic.in', port=443): Read timed out. (read timeout=45)
2026-09-30 07:35:59.381 INFO  [worker_1] [08/24 2401001070400] STATUS UPDATE scheme=2401001070400 status=-1 attempts=4 remark="ReadTimeout: HTTPSConnectionPool(host='koshvani.up.nic.in', port=443): Read timed out. (read timeout=45)" [crawler_status.json 4790 bytes, 7 ms]
2026-09-30 07:35:59.381 INFO  [worker_1] [08/24 2401001070400] Waiting 6.1 seconds before retry...
2026-09-30 07:36:04.838 INFO  [worker_2] [07/24 2401001070300] Attempt 2/3 START
2026-09-30 07:36:04.869 INFO  [worker_2] [07/24 2401001070300] HTTP GET main page (KoshvaniStatic.aspx) START
2026-09-30 07:36:05.483 INFO  [worker_1] [08/24 2401001070400] Start stagger: waiting 5.0s so workers do not hit the portal together
2026-09-30 07:36:10.444 INFO  [worker_1] [08/24 2401001070400] Attempt 2/3 START
2026-09-30 07:36:10.468 INFO  [worker_1] [08/24 2401001070400] HTTP GET main page (KoshvaniStatic.aspx) START
2026-09-30 07:36:40.597 WARNING [worker_0] [05/24 2401001030500] HTTP GET main page (KoshvaniStatic.aspx) FAILED after 46.07s kind=timeout: ReadTimeout: HTTPSConnectionPool(host='koshvani.up.nic.in', port=443): Read timed out. (read timeout=45)
2026-09-30 07:36:40.599 WARNING [worker_0] [05/24 2401001030500] Attempt 2/3 failed after 46.11s kind=timeout: ReadTimeout: HTTPSConnectionPool(host='koshvani.up.nic.in', port=443): Read timed out. (read timeout=45)
2026-09-30 07:36:40.610 INFO  [worker_0] [05/24 2401001030500] STATUS UPDATE scheme=2401001030500 status=-1 attempts=5 remark="ReadTimeout: HTTPSConnectionPool(host='koshvani.up.nic.in', port=443): Read timed out. (read timeout=45)" [crawler_status.json 4790 bytes, 10 ms]
2026-09-30 07:36:40.612 INFO  [worker_0] [05/24 2401001030500] Waiting 22.8 seconds before retry...
2026-09-30 07:36:44.600 WARNING [worker_3] [06/24 2401001030600] HTTP GET main page (KoshvaniStatic.aspx) FAILED after 45.34s kind=timeout: ReadTimeout: HTTPSConnectionPool(host='koshvani.up.nic.in', port=443): Read timed out. (read timeout=45)
2026-09-30 07:36:44.601 WARNING [worker_3] [06/24 2401001030600] Attempt 2/3 failed after 45.37s kind=timeout: ReadTimeout: HTTPSConnectionPool(host='koshvani.up.nic.in', port=443): Read timed out. (read timeout=45)
2026-09-30 07:36:44.613 INFO  [worker_3] [06/24 2401001030600] STATUS UPDATE scheme=2401001030600 status=-1 attempts=5 remark="ReadTimeout: HTTPSConnectionPool(host='koshvani.up.nic.in', port=443): Read timed out. (read timeout=45)" [crawler_status.json 4790 bytes, 10 ms]
2026-09-30 07:36:44.614 INFO  [worker_3] [06/24 2401001030600] Waiting 17.6 seconds before retry...
2026-09-30 07:36:50.512 WARNING [worker_2] [07/24 2401001070300] HTTP GET main page (KoshvaniStatic.aspx) FAILED after 45.64s kind=timeout: ReadTimeout: HTTPSConnectionPool(host='koshvani.up.nic.in', port=443): Read timed out. (read timeout=45)
2026-09-30 07:36:50.512 WARNING [worker_2] [07/24 2401001070300] Attempt 2/3 failed after 45.67s kind=timeout: ReadTimeout: HTTPSConnectionPool(host='koshvani.up.nic.in', port=443): Read timed out. (read timeout=45)
2026-09-30 07:36:50.520 INFO  [worker_2] [07/24 2401001070300] STATUS UPDATE scheme=2401001070300 status=-1 attempts=5 remark="ReadTimeout: HTTPSConnectionPool(host='koshvani.up.nic.in', port=443): Read timed out. (read timeout=45)" [crawler_status.json 4790 bytes, 7 ms]
2026-09-30 07:36:50.521 INFO  [worker_2] [07/24 2401001070300] Waiting 18.3 seconds before retry...
2026-09-30 07:36:55.782 WARNING [worker_1] [08/24 2401001070400] HTTP GET main page (KoshvaniStatic.aspx) FAILED after 45.31s kind=timeout: ReadTimeout: HTTPSConnectionPool(host='koshvani.up.nic.in', port=443): Read timed out. (read timeout=45)
2026-09-30 07:36:55.783 WARNING [worker_1] [08/24 2401001070400] Attempt 2/3 failed after 45.34s kind=timeout: ReadTimeout: HTTPSConnectionPool(host='koshvani.up.nic.in', port=443): Read timed out. (read timeout=45)
2026-09-30 07:36:55.792 INFO  [worker_1] [08/24 2401001070400] STATUS UPDATE scheme=2401001070400 status=-1 attempts=5 remark="ReadTimeout: HTTPSConnectionPool(host='koshvani.up.nic.in', port=443): Read timed out. (read timeout=45)" [crawler_status.json 4790 bytes, 8 ms]
2026-09-30 07:36:55.792 INFO  [worker_1] [08/24 2401001070400] Waiting 20.9 seconds before retry...
2026-09-30 07:37:02.216 INFO  [worker_3] [06/24 2401001030600] Attempt 3/3 START
2026-09-30 07:37:02.250 INFO  [worker_3] [06/24 2401001030600] HTTP GET main page (KoshvaniStatic.aspx) START
2026-09-30 07:37:03.414 INFO  [worker_0] [05/24 2401001030500] Start stagger: waiting 3.3s so workers do not hit the portal together
2026-09-30 07:37:06.744 INFO  [worker_0] [05/24 2401001030500] Attempt 3/3 START
2026-09-30 07:37:06.777 INFO  [worker_0] [05/24 2401001030500] HTTP GET main page (KoshvaniStatic.aspx) START
2026-09-30 07:37:08.822 INFO  [worker_2] [07/24 2401001070300] Start stagger: waiting 3.5s so workers do not hit the portal together
2026-09-30 07:37:12.275 INFO  [worker_2] [07/24 2401001070300] Attempt 3/3 START
2026-09-30 07:37:12.309 INFO  [worker_2] [07/24 2401001070300] HTTP GET main page (KoshvaniStatic.aspx) START
2026-09-30 07:37:16.694 INFO  [worker_1] [08/24 2401001070400] Start stagger: waiting 0.8s so workers do not hit the portal together
2026-09-30 07:37:17.457 INFO  [worker_1] [08/24 2401001070400] Attempt 3/3 START
2026-09-30 07:37:17.485 INFO  [worker_1] [08/24 2401001070400] HTTP GET main page (KoshvaniStatic.aspx) START
2026-09-30 07:37:47.672 WARNING [worker_3] [06/24 2401001030600] HTTP GET main page (KoshvaniStatic.aspx) FAILED after 45.42s kind=timeout: ReadTimeout: HTTPSConnectionPool(host='koshvani.up.nic.in', port=443): Read timed out. (read timeout=45)
2026-09-30 07:37:47.674 WARNING [worker_3] [06/24 2401001030600] Attempt 3/3 failed after 45.46s kind=timeout: ReadTimeout: HTTPSConnectionPool(host='koshvani.up.nic.in', port=443): Read timed out. (read timeout=45)
2026-09-30 07:37:47.685 INFO  [worker_3] [06/24 2401001030600] STATUS UPDATE scheme=2401001030600 status=-1 attempts=6 remark="ReadTimeout: HTTPSConnectionPool(host='koshvani.up.nic.in', port=443): Read timed out. (read timeout=45)" [crawler_status.json 4790 bytes, 10 ms]
2026-09-30 07:37:47.687 WARNING [worker_3] [06/24 2401001030600] KEEPING last good data for agri-011-2401001030600 (from 2026-09-29T00:10:23+00:00); the failure is only recorded in crawler_status.json
2026-09-30 07:37:47.688 INFO  [worker_3] [06/24 2401001030600] FINAL STATUS: FAILED after 6 attempts
2026-09-30 07:37:47.688 WARNING [worker_3] [06/24 2401001030600] SCHEME DONE status=-1 attempts=6 elapsed=166.69s worker=worker_3
2026-09-30 07:37:47.689 INFO  [worker_3] [09/24 2401001090103] SCHEME START [cool-down round 1/2] नेशनल मिशन ऑन एग्रीकल्चर एक्सटेंशन एण्ड टेक्नोलाजी (एन.एम.ए.ई.टी.) के अर्न्तगत सबमिशन ऑन एग्रीकल्चर एक्स्टेंशन (के.60/रा.40-के.+ रा.) (Grant 011) (worker=worker_3)
2026-09-30 07:37:47.691 INFO  [worker_3] [09/24 2401001090103] Attempt 1/3 START
2026-09-30 07:37:47.704 INFO  [MainThread] FILE WRITE index.json 14374 bytes 4 ms | overall=RUNNING successful=0 failed=24 unprocessed=0
2026-09-30 07:37:47.722 INFO  [worker_3] [09/24 2401001090103] HTTP GET main page (KoshvaniStatic.aspx) START
2026-09-30 07:37:52.127 WARNING [worker_0] [05/24 2401001030500] HTTP GET main page (KoshvaniStatic.aspx) FAILED after 45.35s kind=timeout: ReadTimeout: HTTPSConnectionPool(host='koshvani.up.nic.in', port=443): Read timed out. (read timeout=45)
2026-09-30 07:37:52.128 WARNING [worker_0] [05/24 2401001030500] Attempt 3/3 failed after 45.38s kind=timeout: ReadTimeout: HTTPSConnectionPool(host='koshvani.up.nic.in', port=443): Read timed out. (read timeout=45)
2026-09-30 07:37:52.136 INFO  [worker_0] [05/24 2401001030500] STATUS UPDATE scheme=2401001030500 status=-1 attempts=6 remark="ReadTimeout: HTTPSConnectionPool(host='koshvani.up.nic.in', port=443): Read timed out. (read timeout=45)" [crawler_status.json 4790 bytes, 7 ms]
2026-09-30 07:37:52.137 WARNING [worker_0] [05/24 2401001030500] KEEPING last good data for agri-011-2401001030500 (from 2026-09-29T00:10:19+00:00); the failure is only recorded in crawler_status.json
2026-09-30 07:37:52.137 INFO  [worker_0] [05/24 2401001030500] FINAL STATUS: FAILED after 6 attempts
2026-09-30 07:37:52.137 WARNING [worker_0] [05/24 2401001030500] SCHEME DONE status=-1 attempts=6 elapsed=175.47s worker=worker_0
2026-09-30 07:37:52.138 INFO  [worker_0] [10/24 2401001090104] SCHEME START [cool-down round 1/2] नेशनल मिशन ऑन एग्रीकल्चर एक्सटेंशन एण्ड टेक्नोलाजी (एन.एम.ए.ई.टी.) के अर्न्तगत सबमिशन आफ एग्रीकल्चर मेकेनाइजेशन (के.60/रा.40-के.+ रा.) (Grant 011) (worker=worker_0)
2026-09-30 07:37:52.138 INFO  [worker_0] [10/24 2401001090104] Start stagger: waiting 1.5s so workers do not hit the portal together
2026-09-30 07:37:52.152 INFO  [MainThread] FILE WRITE index.json 14374 bytes 4 ms | overall=RUNNING successful=0 failed=24 unprocessed=0
2026-09-30 07:37:53.687 INFO  [worker_0] [10/24 2401001090104] Attempt 1/3 START
2026-09-30 07:37:53.713 INFO  [worker_0] [10/24 2401001090104] HTTP GET main page (KoshvaniStatic.aspx) START
2026-09-30 07:37:58.121 WARNING [worker_2] [07/24 2401001070300] HTTP GET main page (KoshvaniStatic.aspx) FAILED after 45.81s kind=timeout: ReadTimeout: HTTPSConnectionPool(host='koshvani.up.nic.in', port=443): Read timed out. (read timeout=45)
2026-09-30 07:37:58.122 WARNING [worker_2] [07/24 2401001070300] Attempt 3/3 failed after 45.85s kind=timeout: ReadTimeout: HTTPSConnectionPool(host='koshvani.up.nic.in', port=443): Read timed out. (read timeout=45)
2026-09-30 07:37:58.126 INFO  [worker_2] [07/24 2401001070300] STATUS UPDATE scheme=2401001070300 status=-1 attempts=6 remark="ReadTimeout: HTTPSConnectionPool(host='koshvani.up.nic.in', port=443): Read timed out. (read timeout=45)" [crawler_status.json 4790 bytes, 3 ms]
2026-09-30 07:37:58.127 WARNING [worker_2] [07/24 2401001070300] KEEPING last good data for agri-011-2401001070300 (from 2026-09-29T00:26:51+00:00); the failure is only recorded in crawler_status.json
2026-09-30 07:37:58.127 INFO  [worker_2] [07/24 2401001070300] FINAL STATUS: FAILED after 6 attempts
2026-09-30 07:37:58.127 WARNING [worker_2] [07/24 2401001070300] SCHEME DONE status=-1 attempts=6 elapsed=168.81s worker=worker_2
2026-09-30 07:37:58.128 INFO  [worker_2] [11/24 2401001090105] SCHEME START [cool-down round 1/2] नेशनल मिशन ऑन एग्रीकल्चर एक्सटेंशन एण्ड टेक्नोलाजी (एन.एम.ए.ई.टी.) के अर्न्तगत नेशनल ई-गर्वनेन्स प्रोग्राम (के.60/रा.40-के.+ रा.) (Grant 011) (worker=worker_2)
2026-09-30 07:37:58.128 INFO  [worker_2] [11/24 2401001090105] Start stagger: waiting 1.1s so workers do not hit the portal together
2026-09-30 07:37:58.142 INFO  [MainThread] FILE WRITE index.json 14374 bytes 4 ms | overall=RUNNING successful=0 failed=24 unprocessed=0
2026-09-30 07:37:59.216 INFO  [worker_2] [11/24 2401001090105] Attempt 1/3 START
2026-09-30 07:37:59.239 INFO  [worker_2] [11/24 2401001090105] HTTP GET main page (KoshvaniStatic.aspx) START
2026-09-30 07:38:02.837 WARNING [worker_1] [08/24 2401001070400] HTTP GET main page (KoshvaniStatic.aspx) FAILED after 45.35s kind=timeout: ReadTimeout: HTTPSConnectionPool(host='koshvani.up.nic.in', port=443): Read timed out. (read timeout=45)
2026-09-30 07:38:02.838 WARNING [worker_1] [08/24 2401001070400] Attempt 3/3 failed after 45.38s kind=timeout: ReadTimeout: HTTPSConnectionPool(host='koshvani.up.nic.in', port=443): Read timed out. (read timeout=45)
2026-09-30 07:38:02.846 INFO  [worker_1] [08/24 2401001070400] STATUS UPDATE scheme=2401001070400 status=-1 attempts=6 remark="ReadTimeout: HTTPSConnectionPool(host='koshvani.up.nic.in', port=443): Read timed out. (read timeout=45)" [crawler_status.json 4790 bytes, 8 ms]
2026-09-30 07:38:02.847 WARNING [worker_1] [08/24 2401001070400] KEEPING last good data for agri-011-2401001070400 (from 2026-09-29T00:21:46+00:00); the failure is only recorded in crawler_status.json
2026-09-30 07:38:02.848 INFO  [worker_1] [08/24 2401001070400] FINAL STATUS: FAILED after 6 attempts
2026-09-30 07:38:02.848 WARNING [worker_1] [08/24 2401001070400] SCHEME DONE status=-1 attempts=6 elapsed=168.81s worker=worker_1
2026-09-30 07:38:02.848 INFO  [worker_1] [12/24 2401001090300] SCHEME START [cool-down round 1/2] कृषि प्रसार प्रायोजना तथा प्रदर्शनियां (Grant 011) (worker=worker_1)
2026-09-30 07:38:02.849 INFO  [worker_1] [12/24 2401001090300] Start stagger: waiting 2.3s so workers do not hit the portal together
2026-09-30 07:38:02.862 INFO  [MainThread] FILE WRITE index.json 14374 bytes 4 ms | overall=RUNNING successful=0 failed=24 unprocessed=0
2026-09-30 07:38:05.186 INFO  [worker_1] [12/24 2401001090300] Attempt 1/3 START
2026-09-30 07:38:05.211 INFO  [worker_1] [12/24 2401001090300] HTTP GET main page (KoshvaniStatic.aspx) START
2026-09-30 07:38:34.026 WARNING [worker_3] [09/24 2401001090103] HTTP GET main page (KoshvaniStatic.aspx) FAILED after 46.30s kind=timeout: ReadTimeout: HTTPSConnectionPool(host='koshvani.up.nic.in', port=443): Read timed out. (read timeout=45)
2026-09-30 07:38:34.026 WARNING [worker_3] [09/24 2401001090103] Attempt 1/3 failed after 46.33s kind=timeout: ReadTimeout: HTTPSConnectionPool(host='koshvani.up.nic.in', port=443): Read timed out. (read timeout=45)
2026-09-30 07:38:34.034 INFO  [worker_3] [09/24 2401001090103] STATUS UPDATE scheme=2401001090103 status=-1 attempts=4 remark="ReadTimeout: HTTPSConnectionPool(host='koshvani.up.nic.in', port=443): Read timed out. (read timeout=45)" [crawler_status.json 4790 bytes, 7 ms]
2026-09-30 07:38:34.035 INFO  [worker_3] [09/24 2401001090103] Waiting 8.3 seconds before retry...
2026-09-30 07:38:39.344 WARNING [worker_0] [10/24 2401001090104] HTTP GET main page (KoshvaniStatic.aspx) FAILED after 45.63s kind=timeout: ReadTimeout: HTTPSConnectionPool(host='koshvani.up.nic.in', port=443): Read timed out. (read timeout=45)
2026-09-30 07:38:39.345 WARNING [worker_0] [10/24 2401001090104] Attempt 1/3 failed after 45.66s kind=timeout: ReadTimeout: HTTPSConnectionPool(host='koshvani.up.nic.in', port=443): Read timed out. (read timeout=45)
2026-09-30 07:38:39.355 INFO  [worker_0] [10/24 2401001090104] STATUS UPDATE scheme=2401001090104 status=-1 attempts=4 remark="ReadTimeout: HTTPSConnectionPool(host='koshvani.up.nic.in', port=443): Read timed out. (read timeout=45)" [crawler_status.json 4790 bytes, 9 ms]
2026-09-30 07:38:39.356 INFO  [worker_0] [10/24 2401001090104] Waiting 7.7 seconds before retry...
2026-09-30 07:38:42.336 INFO  [worker_3] [09/24 2401001090103] Attempt 2/3 START
2026-09-30 07:38:42.368 INFO  [worker_3] [09/24 2401001090103] HTTP GET main page (KoshvaniStatic.aspx) START
2026-09-30 07:38:44.669 WARNING [worker_2] [11/24 2401001090105] HTTP GET main page (KoshvaniStatic.aspx) FAILED after 45.43s kind=timeout: ReadTimeout: HTTPSConnectionPool(host='koshvani.up.nic.in', port=443): Read timed out. (read timeout=45)
2026-09-30 07:38:44.670 WARNING [worker_2] [11/24 2401001090105] Attempt 1/3 failed after 45.45s kind=timeout: ReadTimeout: HTTPSConnectionPool(host='koshvani.up.nic.in', port=443): Read timed out. (read timeout=45)
2026-09-30 07:38:44.678 INFO  [worker_2] [11/24 2401001090105] STATUS UPDATE scheme=2401001090105 status=-1 attempts=4 remark="ReadTimeout: HTTPSConnectionPool(host='koshvani.up.nic.in', port=443): Read timed out. (read timeout=45)" [crawler_status.json 4790 bytes, 7 ms]
2026-09-30 07:38:44.679 INFO  [worker_2] [11/24 2401001090105] Waiting 9.5 seconds before retry...
2026-09-30 07:38:47.058 INFO  [worker_0] [10/24 2401001090104] Attempt 2/3 START
2026-09-30 07:38:47.092 INFO  [worker_0] [10/24 2401001090104] HTTP GET main page (KoshvaniStatic.aspx) START
2026-09-30 07:38:50.810 WARNING [worker_1] [12/24 2401001090300] HTTP GET main page (KoshvaniStatic.aspx) FAILED after 45.60s kind=timeout: ReadTimeout: HTTPSConnectionPool(host='koshvani.up.nic.in', port=443): Read timed out. (read timeout=45)
2026-09-30 07:38:50.811 WARNING [worker_1] [12/24 2401001090300] Attempt 1/3 failed after 45.62s kind=timeout: ReadTimeout: HTTPSConnectionPool(host='koshvani.up.nic.in', port=443): Read timed out. (read timeout=45)
2026-09-30 07:38:50.818 INFO  [worker_1] [12/24 2401001090300] STATUS UPDATE scheme=2401001090300 status=-1 attempts=4 remark="ReadTimeout: HTTPSConnectionPool(host='koshvani.up.nic.in', port=443): Read timed out. (read timeout=45)" [crawler_status.json 4790 bytes, 7 ms]
2026-09-30 07:38:50.819 INFO  [worker_1] [12/24 2401001090300] Waiting 8.6 seconds before retry...
2026-09-30 07:38:54.180 INFO  [worker_2] [11/24 2401001090105] Attempt 2/3 START
2026-09-30 07:38:54.212 INFO  [worker_2] [11/24 2401001090105] HTTP GET main page (KoshvaniStatic.aspx) START
2026-09-30 07:38:59.420 INFO  [worker_1] [12/24 2401001090300] Attempt 2/3 START
2026-09-30 07:38:59.444 INFO  [worker_1] [12/24 2401001090300] HTTP GET main page (KoshvaniStatic.aspx) START
2026-09-30 07:39:28.406 WARNING [worker_3] [09/24 2401001090103] HTTP GET main page (KoshvaniStatic.aspx) FAILED after 46.04s kind=timeout: ReadTimeout: HTTPSConnectionPool(host='koshvani.up.nic.in', port=443): Read timed out. (read timeout=45)
2026-09-30 07:39:28.407 WARNING [worker_3] [09/24 2401001090103] Attempt 2/3 failed after 46.07s kind=timeout: ReadTimeout: HTTPSConnectionPool(host='koshvani.up.nic.in', port=443): Read timed out. (read timeout=45)
2026-09-30 07:39:28.416 INFO  [worker_3] [09/24 2401001090103] STATUS UPDATE scheme=2401001090103 status=-1 attempts=5 remark="ReadTimeout: HTTPSConnectionPool(host='koshvani.up.nic.in', port=443): Read timed out. (read timeout=45)" [crawler_status.json 4790 bytes, 8 ms]
2026-09-30 07:39:28.416 INFO  [worker_3] [09/24 2401001090103] Waiting 20.8 seconds before retry...
2026-09-30 07:39:32.415 WARNING [worker_0] [10/24 2401001090104] HTTP GET main page (KoshvaniStatic.aspx) FAILED after 45.32s kind=timeout: ReadTimeout: HTTPSConnectionPool(host='koshvani.up.nic.in', port=443): Read timed out. (read timeout=45)
2026-09-30 07:39:32.416 WARNING [worker_0] [10/24 2401001090104] Attempt 2/3 failed after 45.36s kind=timeout: ReadTimeout: HTTPSConnectionPool(host='koshvani.up.nic.in', port=443): Read timed out. (read timeout=45)
2026-09-30 07:39:32.424 INFO  [worker_0] [10/24 2401001090104] STATUS UPDATE scheme=2401001090104 status=-1 attempts=5 remark="ReadTimeout: HTTPSConnectionPool(host='koshvani.up.nic.in', port=443): Read timed out. (read timeout=45)" [crawler_status.json 4790 bytes, 7 ms]
2026-09-30 07:39:32.425 INFO  [worker_0] [10/24 2401001090104] Waiting 16 seconds before retry...
2026-09-30 07:39:39.542 WARNING [worker_2] [11/24 2401001090105] HTTP GET main page (KoshvaniStatic.aspx) FAILED after 45.33s kind=timeout: ReadTimeout: HTTPSConnectionPool(host='koshvani.up.nic.in', port=443): Read timed out. (read timeout=45)
2026-09-30 07:39:39.542 WARNING [worker_2] [11/24 2401001090105] Attempt 2/3 failed after 45.36s kind=timeout: ReadTimeout: HTTPSConnectionPool(host='koshvani.up.nic.in', port=443): Read timed out. (read timeout=45)
2026-09-30 07:39:39.551 INFO  [worker_2] [11/24 2401001090105] STATUS UPDATE scheme=2401001090105 status=-1 attempts=5 remark="ReadTimeout: HTTPSConnectionPool(host='koshvani.up.nic.in', port=443): Read timed out. (read timeout=45)" [crawler_status.json 4790 bytes, 8 ms]
2026-09-30 07:39:39.551 INFO  [worker_2] [11/24 2401001090105] Waiting 26.7 seconds before retry...
2026-09-30 07:39:44.933 WARNING [worker_1] [12/24 2401001090300] HTTP GET main page (KoshvaniStatic.aspx) FAILED after 45.49s kind=timeout: ReadTimeout: HTTPSConnectionPool(host='koshvani.up.nic.in', port=443): Read timed out. (read timeout=45)
2026-09-30 07:39:44.934 WARNING [worker_1] [12/24 2401001090300] Attempt 2/3 failed after 45.51s kind=timeout: ReadTimeout: HTTPSConnectionPool(host='koshvani.up.nic.in', port=443): Read timed out. (read timeout=45)
2026-09-30 07:39:44.944 INFO  [worker_1] [12/24 2401001090300] STATUS UPDATE scheme=2401001090300 status=-1 attempts=5 remark="ReadTimeout: HTTPSConnectionPool(host='koshvani.up.nic.in', port=443): Read timed out. (read timeout=45)" [crawler_status.json 4790 bytes, 9 ms]
2026-09-30 07:39:44.945 INFO  [worker_1] [12/24 2401001090300] Waiting 26 seconds before retry...
2026-09-30 07:39:48.426 INFO  [worker_0] [10/24 2401001090104] Attempt 3/3 START
2026-09-30 07:39:48.461 INFO  [worker_0] [10/24 2401001090104] HTTP GET main page (KoshvaniStatic.aspx) START
2026-09-30 07:39:49.218 INFO  [worker_3] [09/24 2401001090103] Start stagger: waiting 3.4s so workers do not hit the portal together
2026-09-30 07:39:52.648 INFO  [worker_3] [09/24 2401001090103] Attempt 3/3 START
2026-09-30 07:39:52.680 INFO  [worker_3] [09/24 2401001090103] HTTP GET main page (KoshvaniStatic.aspx) START
2026-09-30 07:40:06.252 INFO  [worker_2] [11/24 2401001090105] Attempt 3/3 START
2026-09-30 07:40:06.285 INFO  [worker_2] [11/24 2401001090105] HTTP GET main page (KoshvaniStatic.aspx) START
2026-09-30 07:40:10.947 INFO  [worker_1] [12/24 2401001090300] Attempt 3/3 START
2026-09-30 07:40:10.979 INFO  [worker_1] [12/24 2401001090300] HTTP GET main page (KoshvaniStatic.aspx) START
2026-09-30 07:40:33.849 WARNING [worker_0] [10/24 2401001090104] HTTP GET main page (KoshvaniStatic.aspx) FAILED after 45.39s kind=timeout: ReadTimeout: HTTPSConnectionPool(host='koshvani.up.nic.in', port=443): Read timed out. (read timeout=45)
2026-09-30 07:40:33.850 WARNING [worker_0] [10/24 2401001090104] Attempt 3/3 failed after 45.42s kind=timeout: ReadTimeout: HTTPSConnectionPool(host='koshvani.up.nic.in', port=443): Read timed out. (read timeout=45)
2026-09-30 07:40:33.858 INFO  [worker_0] [10/24 2401001090104] STATUS UPDATE scheme=2401001090104 status=-1 attempts=6 remark="ReadTimeout: HTTPSConnectionPool(host='koshvani.up.nic.in', port=443): Read timed out. (read timeout=45)" [crawler_status.json 4790 bytes, 8 ms]
2026-09-30 07:40:33.859 WARNING [worker_0] [10/24 2401001090104] KEEPING last good data for agri-011-2401001090104 (from 2026-09-29T02:01:16+00:00); the failure is only recorded in crawler_status.json
2026-09-30 07:40:33.860 INFO  [worker_0] [10/24 2401001090104] FINAL STATUS: FAILED after 6 attempts
2026-09-30 07:40:33.860 WARNING [worker_0] [10/24 2401001090104] SCHEME DONE status=-1 attempts=6 elapsed=161.72s worker=worker_0
2026-09-30 07:40:33.860 INFO  [worker_0] [13/24 2401001090700] SCHEME START [cool-down round 1/2] कृषि उत्पादन में वृद्धि के लिए कृषि प्रसार, कृषि निवेश तथा तकनीकी प्रबंधन (Grant 011) (worker=worker_0)
2026-09-30 07:40:33.861 INFO  [worker_0] [13/24 2401001090700] Attempt 1/3 START
2026-09-30 07:40:33.872 INFO  [MainThread] FILE WRITE index.json 14374 bytes 3 ms | overall=RUNNING successful=0 failed=24 unprocessed=0
2026-09-30 07:40:33.887 INFO  [worker_0] [13/24 2401001090700] HTTP GET main page (KoshvaniStatic.aspx) START
2026-09-30 07:40:38.053 WARNING [worker_3] [09/24 2401001090103] HTTP GET main page (KoshvaniStatic.aspx) FAILED after 45.37s kind=timeout: ReadTimeout: HTTPSConnectionPool(host='koshvani.up.nic.in', port=443): Read timed out. (read timeout=45)
2026-09-30 07:40:38.054 WARNING [worker_3] [09/24 2401001090103] Attempt 3/3 failed after 45.40s kind=timeout: ReadTimeout: HTTPSConnectionPool(host='koshvani.up.nic.in', port=443): Read timed out. (read timeout=45)
2026-09-30 07:40:38.062 INFO  [worker_3] [09/24 2401001090103] STATUS UPDATE scheme=2401001090103 status=-1 attempts=6 remark="ReadTimeout: HTTPSConnectionPool(host='koshvani.up.nic.in', port=443): Read timed out. (read timeout=45)" [crawler_status.json 4790 bytes, 7 ms]
2026-09-30 07:40:38.063 WARNING [worker_3] [09/24 2401001090103] KEEPING last good data for agri-011-2401001090103 (from 2026-09-29T00:15:57+00:00); the failure is only recorded in crawler_status.json
2026-09-30 07:40:38.063 INFO  [worker_3] [09/24 2401001090103] FINAL STATUS: FAILED after 6 attempts
2026-09-30 07:40:38.064 WARNING [worker_3] [09/24 2401001090103] SCHEME DONE status=-1 attempts=6 elapsed=170.37s worker=worker_3
2026-09-30 07:40:38.064 INFO  [worker_3] [14/24 2401001090900] SCHEME START [cool-down round 1/2] प्रशिक्षित कृषि उद्यमी स्वावलंबन योजना (Grant 011) (worker=worker_3)
2026-09-30 07:40:38.064 INFO  [worker_3] [14/24 2401001090900] Start stagger: waiting 0.1s so workers do not hit the portal together
2026-09-30 07:40:38.077 INFO  [MainThread] FILE WRITE index.json 14374 bytes 4 ms | overall=RUNNING successful=0 failed=24 unprocessed=0
2026-09-30 07:40:38.193 INFO  [worker_3] [14/24 2401001090900] Attempt 1/3 START
2026-09-30 07:40:38.222 INFO  [worker_3] [14/24 2401001090900] HTTP GET main page (KoshvaniStatic.aspx) START
2026-09-30 07:40:52.097 WARNING [worker_2] [11/24 2401001090105] HTTP GET main page (KoshvaniStatic.aspx) FAILED after 45.81s kind=timeout: ReadTimeout: HTTPSConnectionPool(host='koshvani.up.nic.in', port=443): Read timed out. (read timeout=45)
2026-09-30 07:40:52.098 WARNING [worker_2] [11/24 2401001090105] Attempt 3/3 failed after 45.84s kind=timeout: ReadTimeout: HTTPSConnectionPool(host='koshvani.up.nic.in', port=443): Read timed out. (read timeout=45)
2026-09-30 07:40:52.106 INFO  [worker_2] [11/24 2401001090105] STATUS UPDATE scheme=2401001090105 status=-1 attempts=6 remark="ReadTimeout: HTTPSConnectionPool(host='koshvani.up.nic.in', port=443): Read timed out. (read timeout=45)" [crawler_status.json 4790 bytes, 7 ms]
2026-09-30 07:40:52.107 WARNING [worker_2] [11/24 2401001090105] KEEPING last good data for agri-011-2401001090105 (from 2026-09-29T00:26:58+00:00); the failure is only recorded in crawler_status.json
2026-09-30 07:40:52.107 INFO  [worker_2] [11/24 2401001090105] FINAL STATUS: FAILED after 6 attempts
2026-09-30 07:40:52.107 WARNING [worker_2] [11/24 2401001090105] SCHEME DONE status=-1 attempts=6 elapsed=173.98s worker=worker_2
2026-09-30 07:40:52.108 INFO  [worker_2] [15/24 2401001130104] SCHEME START [cool-down round 1/2] प्रमोशन ऑफ एग्रीमल्चर मैकेनाइजेशन फार इनसीटू मैनेजमेंट ऑफ क्राप रेजडयू (CRM) (के.60/रा.40-के.+ रा.) (Grant 011) (worker=worker_2)
2026-09-30 07:40:52.108 INFO  [worker_2] [15/24 2401001130104] Attempt 1/3 START
2026-09-30 07:40:52.119 INFO  [MainThread] FILE WRITE index.json 14374 bytes 3 ms | overall=RUNNING successful=0 failed=24 unprocessed=0
2026-09-30 07:40:52.133 INFO  [worker_2] [15/24 2401001130104] HTTP GET main page (KoshvaniStatic.aspx) START
2026-09-30 07:40:56.352 WARNING [worker_1] [12/24 2401001090300] HTTP GET main page (KoshvaniStatic.aspx) FAILED after 45.37s kind=timeout: ReadTimeout: HTTPSConnectionPool(host='koshvani.up.nic.in', port=443): Read timed out. (read timeout=45)
2026-09-30 07:40:56.353 WARNING [worker_1] [12/24 2401001090300] Attempt 3/3 failed after 45.41s kind=timeout: ReadTimeout: HTTPSConnectionPool(host='koshvani.up.nic.in', port=443): Read timed out. (read timeout=45)
2026-09-30 07:40:56.360 INFO  [worker_1] [12/24 2401001090300] STATUS UPDATE scheme=2401001090300 status=-1 attempts=6 remark="ReadTimeout: HTTPSConnectionPool(host='koshvani.up.nic.in', port=443): Read timed out. (read timeout=45)" [crawler_status.json 4790 bytes, 7 ms]
2026-09-30 07:40:56.361 WARNING [worker_1] [12/24 2401001090300] KEEPING last good data for agri-011-2401001090300 (from 2026-09-29T00:35:40+00:00); the failure is only recorded in crawler_status.json
2026-09-30 07:40:56.362 INFO  [worker_1] [12/24 2401001090300] FINAL STATUS: FAILED after 6 attempts
2026-09-30 07:40:56.362 WARNING [worker_1] [12/24 2401001090300] SCHEME DONE status=-1 attempts=6 elapsed=173.51s worker=worker_1
2026-09-30 07:40:56.362 INFO  [worker_1] [16/24 2401001140101] SCHEME START [cool-down round 1/2] नेशनल फूड सिक्योरिटी मिशन (ओ0एस0 / टी0बी0ओ0) (के.60/रा.40-के.+ रा.) (Grant 011) (worker=worker_1)
2026-09-30 07:40:56.363 INFO  [worker_1] [16/24 2401001140101] Start stagger: waiting 0.8s so workers do not hit the portal together
2026-09-30 07:40:56.376 INFO  [MainThread] FILE WRITE index.json 14374 bytes 4 ms | overall=RUNNING successful=0 failed=24 unprocessed=0
2026-09-30 07:40:57.128 INFO  [worker_1] [16/24 2401001140101] Attempt 1/3 START
2026-09-30 07:40:57.162 INFO  [worker_1] [16/24 2401001140101] HTTP GET main page (KoshvaniStatic.aspx) START
2026-09-30 07:41:19.267 WARNING [worker_0] [13/24 2401001090700] HTTP GET main page (KoshvaniStatic.aspx) FAILED after 45.38s kind=timeout: ReadTimeout: HTTPSConnectionPool(host='koshvani.up.nic.in', port=443): Read timed out. (read timeout=45)
2026-09-30 07:41:19.268 WARNING [worker_0] [13/24 2401001090700] Attempt 1/3 failed after 45.41s kind=timeout: ReadTimeout: HTTPSConnectionPool(host='koshvani.up.nic.in', port=443): Read timed out. (read timeout=45)
2026-09-30 07:41:19.276 INFO  [worker_0] [13/24 2401001090700] STATUS UPDATE scheme=2401001090700 status=-1 attempts=4 remark="ReadTimeout: HTTPSConnectionPool(host='koshvani.up.nic.in', port=443): Read timed out. (read timeout=45)" [crawler_status.json 4819 bytes, 7 ms]
2026-09-30 07:41:19.276 INFO  [worker_0] [13/24 2401001090700] Waiting 13.5 seconds before retry...
2026-09-30 07:41:23.598 WARNING [worker_3] [14/24 2401001090900] HTTP GET main page (KoshvaniStatic.aspx) FAILED after 45.38s kind=timeout: ReadTimeout: HTTPSConnectionPool(host='koshvani.up.nic.in', port=443): Read timed out. (read timeout=45)
2026-09-30 07:41:23.599 WARNING [worker_3] [14/24 2401001090900] Attempt 1/3 failed after 45.41s kind=timeout: ReadTimeout: HTTPSConnectionPool(host='koshvani.up.nic.in', port=443): Read timed out. (read timeout=45)
2026-09-30 07:41:23.607 INFO  [worker_3] [14/24 2401001090900] STATUS UPDATE scheme=2401001090900 status=-1 attempts=4 remark="ReadTimeout: HTTPSConnectionPool(host='koshvani.up.nic.in', port=443): Read timed out. (read timeout=45)" [crawler_status.json 4848 bytes, 7 ms]
2026-09-30 07:41:23.608 INFO  [worker_3] [14/24 2401001090900] Waiting 14.7 seconds before retry...
2026-09-30 07:41:32.778 INFO  [worker_0] [13/24 2401001090700] Attempt 2/3 START
2026-09-30 07:41:32.812 INFO  [worker_0] [13/24 2401001090700] HTTP GET main page (KoshvaniStatic.aspx) START
2026-09-30 07:41:37.638 WARNING [worker_2] [15/24 2401001130104] HTTP GET main page (KoshvaniStatic.aspx) FAILED after 45.50s kind=timeout: ReadTimeout: HTTPSConnectionPool(host='koshvani.up.nic.in', port=443): Read timed out. (read timeout=45)
2026-09-30 07:41:37.639 WARNING [worker_2] [15/24 2401001130104] Attempt 1/3 failed after 45.53s kind=timeout: ReadTimeout: HTTPSConnectionPool(host='koshvani.up.nic.in', port=443): Read timed out. (read timeout=45)
2026-09-30 07:41:37.647 INFO  [worker_2] [15/24 2401001130104] STATUS UPDATE scheme=2401001130104 status=-1 attempts=4 remark="ReadTimeout: HTTPSConnectionPool(host='koshvani.up.nic.in', port=443): Read timed out. (read timeout=45)" [crawler_status.json 4877 bytes, 8 ms]
2026-09-30 07:41:37.647 INFO  [worker_2] [15/24 2401001130104] Waiting 9.5 seconds before retry...
2026-09-30 07:41:38.309 INFO  [worker_3] [14/24 2401001090900] Attempt 2/3 START
2026-09-30 07:41:38.344 INFO  [worker_3] [14/24 2401001090900] HTTP GET main page (KoshvaniStatic.aspx) START
2026-09-30 07:41:42.767 WARNING [worker_1] [16/24 2401001140101] HTTP GET main page (KoshvaniStatic.aspx) FAILED after 45.60s kind=timeout: ReadTimeout: HTTPSConnectionPool(host='koshvani.up.nic.in', port=443): Read timed out. (read timeout=45)
2026-09-30 07:41:42.768 WARNING [worker_1] [16/24 2401001140101] Attempt 1/3 failed after 45.64s kind=timeout: ReadTimeout: HTTPSConnectionPool(host='koshvani.up.nic.in', port=443): Read timed out. (read timeout=45)
2026-09-30 07:41:42.776 INFO  [worker_1] [16/24 2401001140101] STATUS UPDATE scheme=2401001140101 status=-1 attempts=4 remark="ReadTimeout: HTTPSConnectionPool(host='koshvani.up.nic.in', port=443): Read timed out. (read timeout=45)" [crawler_status.json 4886 bytes, 8 ms]
2026-09-30 07:41:42.777 INFO  [worker_1] [16/24 2401001140101] Waiting 12.1 seconds before retry...
2026-09-30 07:41:47.148 INFO  [worker_2] [15/24 2401001130104] Attempt 2/3 START
2026-09-30 07:41:47.180 INFO  [worker_2] [15/24 2401001130104] HTTP GET main page (KoshvaniStatic.aspx) START
2026-09-30 07:41:54.878 INFO  [worker_1] [16/24 2401001140101] Attempt 2/3 START
2026-09-30 07:41:54.912 INFO  [worker_1] [16/24 2401001140101] HTTP GET main page (KoshvaniStatic.aspx) START
2026-09-30 07:42:18.898 WARNING [worker_0] [13/24 2401001090700] HTTP GET main page (KoshvaniStatic.aspx) FAILED after 46.09s kind=timeout: ReadTimeout: HTTPSConnectionPool(host='koshvani.up.nic.in', port=443): Read timed out. (read timeout=45)
2026-09-30 07:42:18.899 WARNING [worker_0] [13/24 2401001090700] Attempt 2/3 failed after 46.12s kind=timeout: ReadTimeout: HTTPSConnectionPool(host='koshvani.up.nic.in', port=443): Read timed out. (read timeout=45)
2026-09-30 07:42:18.907 INFO  [worker_0] [13/24 2401001090700] STATUS UPDATE scheme=2401001090700 status=-1 attempts=5 remark="ReadTimeout: HTTPSConnectionPool(host='koshvani.up.nic.in', port=443): Read timed out. (read timeout=45)" [crawler_status.json 4886 bytes, 7 ms]
2026-09-30 07:42:18.908 INFO  [worker_0] [13/24 2401001090700] Waiting 20.7 seconds before retry...
2026-09-30 07:42:23.699 WARNING [worker_3] [14/24 2401001090900] HTTP GET main page (KoshvaniStatic.aspx) FAILED after 45.35s kind=timeout: ReadTimeout: HTTPSConnectionPool(host='koshvani.up.nic.in', port=443): Read timed out. (read timeout=45)
2026-09-30 07:42:23.700 WARNING [worker_3] [14/24 2401001090900] Attempt 2/3 failed after 45.39s kind=timeout: ReadTimeout: HTTPSConnectionPool(host='koshvani.up.nic.in', port=443): Read timed out. (read timeout=45)
2026-09-30 07:42:23.708 INFO  [worker_3] [14/24 2401001090900] STATUS UPDATE scheme=2401001090900 status=-1 attempts=5 remark="ReadTimeout: HTTPSConnectionPool(host='koshvani.up.nic.in', port=443): Read timed out. (read timeout=45)" [crawler_status.json 4886 bytes, 8 ms]
2026-09-30 07:42:23.708 INFO  [worker_3] [14/24 2401001090900] Waiting 23.6 seconds before retry...
2026-09-30 07:42:35.658 WARNING [worker_2] [15/24 2401001130104] HTTP GET main page (KoshvaniStatic.aspx) FAILED after 48.48s kind=timeout: ReadTimeout: HTTPSConnectionPool(host='koshvani.up.nic.in', port=443): Read timed out. (read timeout=45)
2026-09-30 07:42:35.659 WARNING [worker_2] [15/24 2401001130104] Attempt 2/3 failed after 48.51s kind=timeout: ReadTimeout: HTTPSConnectionPool(host='koshvani.up.nic.in', port=443): Read timed out. (read timeout=45)
2026-09-30 07:42:35.666 INFO  [worker_2] [15/24 2401001130104] STATUS UPDATE scheme=2401001130104 status=-1 attempts=5 remark="ReadTimeout: HTTPSConnectionPool(host='koshvani.up.nic.in', port=443): Read timed out. (read timeout=45)" [crawler_status.json 4886 bytes, 7 ms]
2026-09-30 07:42:35.667 INFO  [worker_2] [15/24 2401001130104] Waiting 20.1 seconds before retry...
2026-09-30 07:42:39.609 INFO  [worker_0] [13/24 2401001090700] Attempt 3/3 START
2026-09-30 07:42:39.643 INFO  [worker_0] [13/24 2401001090700] HTTP GET main page (KoshvaniStatic.aspx) START
2026-09-30 07:42:40.363 WARNING [worker_1] [16/24 2401001140101] HTTP GET main page (KoshvaniStatic.aspx) FAILED after 45.45s kind=timeout: ReadTimeout: HTTPSConnectionPool(host='koshvani.up.nic.in', port=443): Read timed out. (read timeout=45)
2026-09-30 07:42:40.364 WARNING [worker_1] [16/24 2401001140101] Attempt 2/3 failed after 45.48s kind=timeout: ReadTimeout: HTTPSConnectionPool(host='koshvani.up.nic.in', port=443): Read timed out. (read timeout=45)
2026-09-30 07:42:40.372 INFO  [worker_1] [16/24 2401001140101] STATUS UPDATE scheme=2401001140101 status=-1 attempts=5 remark="ReadTimeout: HTTPSConnectionPool(host='koshvani.up.nic.in', port=443): Read timed out. (read timeout=45)" [crawler_status.json 4886 bytes, 7 ms]
2026-09-30 07:42:40.373 INFO  [worker_1] [16/24 2401001140101] Waiting 21.5 seconds before retry...
2026-09-30 07:42:47.310 INFO  [worker_3] [14/24 2401001090900] Attempt 3/3 START
2026-09-30 07:42:47.343 INFO  [worker_3] [14/24 2401001090900] HTTP GET main page (KoshvaniStatic.aspx) START
2026-09-30 07:42:55.768 INFO  [worker_2] [15/24 2401001130104] Attempt 3/3 START
2026-09-30 07:42:55.792 INFO  [worker_2] [15/24 2401001130104] HTTP GET main page (KoshvaniStatic.aspx) START
2026-09-30 07:43:01.874 INFO  [worker_1] [16/24 2401001140101] Attempt 3/3 START
2026-09-30 07:43:01.902 INFO  [worker_1] [16/24 2401001140101] HTTP GET main page (KoshvaniStatic.aspx) START
2026-09-30 07:43:24.979 WARNING [worker_0] [13/24 2401001090700] HTTP GET main page (KoshvaniStatic.aspx) FAILED after 45.34s kind=timeout: ReadTimeout: HTTPSConnectionPool(host='koshvani.up.nic.in', port=443): Read timed out. (read timeout=45)
2026-09-30 07:43:24.980 WARNING [worker_0] [13/24 2401001090700] Attempt 3/3 failed after 45.37s kind=timeout: ReadTimeout: HTTPSConnectionPool(host='koshvani.up.nic.in', port=443): Read timed out. (read timeout=45)
2026-09-30 07:43:24.989 INFO  [worker_0] [13/24 2401001090700] STATUS UPDATE scheme=2401001090700 status=-1 attempts=6 remark="ReadTimeout: HTTPSConnectionPool(host='koshvani.up.nic.in', port=443): Read timed out. (read timeout=45)" [crawler_status.json 4886 bytes, 8 ms]
2026-09-30 07:43:24.991 WARNING [worker_0] [13/24 2401001090700] KEEPING last good data for agri-011-2401001090700 (from 2026-09-29T02:01:19+00:00); the failure is only recorded in crawler_status.json
2026-09-30 07:43:24.993 INFO  [worker_0] [13/24 2401001090700] FINAL STATUS: FAILED after 6 attempts
2026-09-30 07:43:24.993 WARNING [worker_0] [13/24 2401001090700] SCHEME DONE status=-1 attempts=6 elapsed=171.13s worker=worker_0
2026-09-30 07:43:24.995 INFO  [worker_0] [17/24 2401001140300] SCHEME START [cool-down round 1/2] तिलहन बीज मिनीकिट वितरण योजना (Grant 011) (worker=worker_0)
2026-09-30 07:43:24.997 INFO  [worker_0] [17/24 2401001140300] Attempt 1/3 START
2026-09-30 07:43:25.014 INFO  [MainThread] FILE WRITE index.json 14374 bytes 7 ms | overall=RUNNING successful=0 failed=24 unprocessed=0
2026-09-30 07:43:25.032 INFO  [worker_0] [17/24 2401001140300] HTTP GET main page (KoshvaniStatic.aspx) START
2026-09-30 07:43:32.731 WARNING [worker_3] [14/24 2401001090900] HTTP GET main page (KoshvaniStatic.aspx) FAILED after 45.39s kind=timeout: ReadTimeout: HTTPSConnectionPool(host='koshvani.up.nic.in', port=443): Read timed out. (read timeout=45)
2026-09-30 07:43:32.731 WARNING [worker_3] [14/24 2401001090900] Attempt 3/3 failed after 45.42s kind=timeout: ReadTimeout: HTTPSConnectionPool(host='koshvani.up.nic.in', port=443): Read timed out. (read timeout=45)
2026-09-30 07:43:32.740 INFO  [worker_3] [14/24 2401001090900] STATUS UPDATE scheme=2401001090900 status=-1 attempts=6 remark="ReadTimeout: HTTPSConnectionPool(host='koshvani.up.nic.in', port=443): Read timed out. (read timeout=45)" [crawler_status.json 4886 bytes, 8 ms]
2026-09-30 07:43:32.741 WARNING [worker_3] [14/24 2401001090900] KEEPING last good data for agri-011-2401001090900 (from 2026-09-29T02:01:20+00:00); the failure is only recorded in crawler_status.json
2026-09-30 07:43:32.741 INFO  [worker_3] [14/24 2401001090900] FINAL STATUS: FAILED after 6 attempts
2026-09-30 07:43:32.741 WARNING [worker_3] [14/24 2401001090900] SCHEME DONE status=-1 attempts=6 elapsed=174.68s worker=worker_3
2026-09-30 07:43:32.742 INFO  [worker_3] [18/24 2401008000203] SCHEME START [cool-down round 1/2] कृषि विकास योजनायें (के.60/रा.40-के.) (Grant 011) (worker=worker_3)
2026-09-30 07:43:32.742 INFO  [worker_3] [18/24 2401008000203] Attempt 1/3 START
2026-09-30 07:43:32.756 INFO  [MainThread] FILE WRITE index.json 14374 bytes 4 ms | overall=RUNNING successful=0 failed=24 unprocessed=0
2026-09-30 07:43:32.770 INFO  [worker_3] [18/24 2401008000203] HTTP GET main page (KoshvaniStatic.aspx) START
2026-09-30 07:43:41.355 WARNING [worker_2] [15/24 2401001130104] HTTP GET main page (KoshvaniStatic.aspx) FAILED after 45.56s kind=timeout: ReadTimeout: HTTPSConnectionPool(host='koshvani.up.nic.in', port=443): Read timed out. (read timeout=45)
2026-09-30 07:43:41.356 WARNING [worker_2] [15/24 2401001130104] Attempt 3/3 failed after 45.59s kind=timeout: ReadTimeout: HTTPSConnectionPool(host='koshvani.up.nic.in', port=443): Read timed out. (read timeout=45)
2026-09-30 07:43:41.364 INFO  [worker_2] [15/24 2401001130104] STATUS UPDATE scheme=2401001130104 status=-1 attempts=6 remark="ReadTimeout: HTTPSConnectionPool(host='koshvani.up.nic.in', port=443): Read timed out. (read timeout=45)" [crawler_status.json 4886 bytes, 7 ms]
2026-09-30 07:43:41.365 WARNING [worker_2] [15/24 2401001130104] KEEPING last good data for agri-011-2401001130104 (from 2026-09-29T01:48:07+00:00); the failure is only recorded in crawler_status.json
2026-09-30 07:43:41.365 INFO  [worker_2] [15/24 2401001130104] FINAL STATUS: FAILED after 6 attempts
2026-09-30 07:43:41.365 WARNING [worker_2] [15/24 2401001130104] SCHEME DONE status=-1 attempts=6 elapsed=169.26s worker=worker_2
2026-09-30 07:43:41.366 INFO  [worker_2] [19/24 2401008000400] SCHEME START [cool-down round 1/2] कृषि क्षेत्र की क्षमता एवं कौशल विकास तथा उत्पादन वृद्धि की योजना (Grant 011) (worker=worker_2)
2026-09-30 07:43:41.366 INFO  [worker_2] [19/24 2401008000400] Attempt 1/3 START
2026-09-30 07:43:41.380 INFO  [MainThread] FILE WRITE index.json 14374 bytes 4 ms | overall=RUNNING successful=0 failed=24 unprocessed=0
2026-09-30 07:43:41.394 INFO  [worker_2] [19/24 2401008000400] HTTP GET main page (KoshvaniStatic.aspx) START
2026-09-30 07:43:47.335 WARNING [worker_1] [16/24 2401001140101] HTTP GET main page (KoshvaniStatic.aspx) FAILED after 45.43s kind=timeout: ReadTimeout: HTTPSConnectionPool(host='koshvani.up.nic.in', port=443): Read timed out. (read timeout=45)
2026-09-30 07:43:47.336 WARNING [worker_1] [16/24 2401001140101] Attempt 3/3 failed after 45.46s kind=timeout: ReadTimeout: HTTPSConnectionPool(host='koshvani.up.nic.in', port=443): Read timed out. (read timeout=45)
2026-09-30 07:43:47.346 INFO  [worker_1] [16/24 2401001140101] STATUS UPDATE scheme=2401001140101 status=-1 attempts=6 remark="ReadTimeout: HTTPSConnectionPool(host='koshvani.up.nic.in', port=443): Read timed out. (read timeout=45)" [crawler_status.json 4886 bytes, 10 ms]
2026-09-30 07:43:47.349 WARNING [worker_1] [16/24 2401001140101] KEEPING last good data for agri-011-2401001140101 (from 2026-09-29T02:01:24+00:00); the failure is only recorded in crawler_status.json
2026-09-30 07:43:47.349 INFO  [worker_1] [16/24 2401001140101] FINAL STATUS: FAILED after 6 attempts
2026-09-30 07:43:47.350 WARNING [worker_1] [16/24 2401001140101] SCHEME DONE status=-1 attempts=6 elapsed=170.99s worker=worker_1
2026-09-30 07:43:47.351 INFO  [worker_1] [20/24 2402001020109] SCHEME START [cool-down round 1/2] नेशनल प्रोजेक्ट ऑन स्वायल हेल्थ फर्टिलिटी (के.60/रा.40-के.+ रा.) (Grant 011) (worker=worker_1)
2026-09-30 07:43:47.352 INFO  [worker_1] [20/24 2402001020109] Attempt 1/3 START
2026-09-30 07:43:47.367 INFO  [MainThread] FILE WRITE index.json 14374 bytes 4 ms | overall=RUNNING successful=0 failed=24 unprocessed=0
2026-09-30 07:43:47.381 INFO  [worker_1] [20/24 2402001020109] HTTP GET main page (KoshvaniStatic.aspx) START
2026-09-30 07:44:35.727 WARNING [worker_0] [17/24 2401001140300] HTTP GET main page (KoshvaniStatic.aspx) FAILED after 47.21s kind=timeout: ReadTimeout: HTTPSConnectionPool(host='koshvani.up.nic.in', port=443): Read timed out. (read timeout=45)
2026-09-30 07:44:35.731 WARNING [worker_0] [17/24 2401001140300] Attempt 1/3 failed after 47.25s kind=timeout: ReadTimeout: HTTPSConnectionPool(host='koshvani.up.nic.in', port=443): Read timed out. (read timeout=45)
2026-09-30 07:44:35.819 INFO  [worker_0] [17/24 2401001140300] STATUS UPDATE scheme=2401001140300 status=-1 attempts=4 remark="ReadTimeout: HTTPSConnectionPool(host='koshvani.up.nic.in', port=443): Read timed out. (read timeout=45)" [crawler_status.json 4886 bytes, 86 ms]
2026-09-30 07:44:35.821 INFO  [worker_0] [17/24 2401001140300] Waiting 10.2 seconds before retry...
2026-09-30 07:45:12.746 INFO  [worker_0] [17/24 2401001140300] Attempt 2/3 START
2026-09-30 07:45:12.784 INFO  [worker_0] [17/24 2401001140300] HTTP GET main page (KoshvaniStatic.aspx) START
2026-09-30 07:45:12.936 WARNING [worker_3] [18/24 2401008000203] HTTP GET main page (KoshvaniStatic.aspx) FAILED after 50.06s kind=timeout: ReadTimeout: HTTPSConnectionPool(host='koshvani.up.nic.in', port=443): Read timed out. (read timeout=45)
2026-09-30 07:45:12.939 WARNING [worker_3] [18/24 2401008000203] Attempt 1/3 failed after 50.09s kind=timeout: ReadTimeout: HTTPSConnectionPool(host='koshvani.up.nic.in', port=443): Read timed out. (read timeout=45)
2026-09-30 07:45:13.031 INFO  [worker_3] [18/24 2401008000203] STATUS UPDATE scheme=2401008000203 status=-1 attempts=4 remark="ReadTimeout: HTTPSConnectionPool(host='koshvani.up.nic.in', port=443): Read timed out. (read timeout=45)" [crawler_status.json 4886 bytes, 89 ms]
2026-09-30 07:45:13.033 INFO  [worker_3] [18/24 2401008000203] Waiting 12.1 seconds before retry...
2026-09-30 07:46:11.985 WARNING [worker_2] [19/24 2401008000400] HTTP GET main page (KoshvaniStatic.aspx) FAILED after 53.26s kind=timeout: ReadTimeout: HTTPSConnectionPool(host='koshvani.up.nic.in', port=443): Read timed out. (read timeout=45)
2026-09-30 07:46:11.990 WARNING [worker_2] [19/24 2401008000400] Attempt 1/3 failed after 53.30s kind=timeout: ReadTimeout: HTTPSConnectionPool(host='koshvani.up.nic.in', port=443): Read timed out. (read timeout=45)
2026-09-30 07:46:12.080 INFO  [worker_2] [19/24 2401008000400] STATUS UPDATE scheme=2401008000400 status=-1 attempts=4 remark="ReadTimeout: HTTPSConnectionPool(host='koshvani.up.nic.in', port=443): Read timed out. (read timeout=45)" [crawler_status.json 4886 bytes, 87 ms]
2026-09-30 07:46:12.082 INFO  [worker_2] [19/24 2401008000400] Waiting 6.8 seconds before retry...
2026-09-30 07:46:12.354 INFO  [worker_3] [18/24 2401008000203] Attempt 2/3 START
2026-09-30 07:46:12.395 INFO  [worker_3] [18/24 2401008000203] HTTP GET main page (KoshvaniStatic.aspx) START
2026-09-30 07:46:51.873 INFO  [worker_2] [19/24 2401008000400] Attempt 2/3 START
2026-09-30 07:46:51.914 INFO  [worker_2] [19/24 2401008000400] HTTP GET main page (KoshvaniStatic.aspx) START
2026-09-30 07:46:55.274 WARNING [worker_1] [20/24 2402001020109] HTTP GET main page (KoshvaniStatic.aspx) FAILED after 56.18s kind=timeout: ReadTimeout: HTTPSConnectionPool(host='koshvani.up.nic.in', port=443): Read timed out. (read timeout=45)
2026-09-30 07:46:55.277 WARNING [worker_1] [20/24 2402001020109] Attempt 1/3 failed after 56.21s kind=timeout: ReadTimeout: HTTPSConnectionPool(host='koshvani.up.nic.in', port=443): Read timed out. (read timeout=45)
2026-09-30 07:46:55.657 INFO  [worker_1] [20/24 2402001020109] STATUS UPDATE scheme=2402001020109 status=-1 attempts=4 remark="ReadTimeout: HTTPSConnectionPool(host='koshvani.up.nic.in', port=443): Read timed out. (read timeout=45)" [crawler_status.json 4886 bytes, 377 ms]
2026-09-30 07:46:55.658 INFO  [worker_1] [20/24 2402001020109] Waiting 12.7 seconds before retry...
2026-09-30 07:48:02.069 INFO  [worker_1] [20/24 2402001020109] Attempt 2/3 START
2026-09-30 07:48:02.093 INFO  [worker_1] [20/24 2402001020109] HTTP GET main page (KoshvaniStatic.aspx) START
2026-09-30 07:50:13.593 INFO  [worker_0] [17/24 2401001140300] HTTP GET main page (KoshvaniStatic.aspx) END status=200 bytes=820 elapsed=62.04s redirects=1 final=ClearSession.aspx
2026-09-30 07:50:13.594 WARNING [worker_0] [17/24 2401001140300] PORTAL BOUNCE at main page: all workers will hold for up to 113s
2026-09-30 07:50:13.598 WARNING [worker_0] [17/24 2401001140300] Attempt 2/3 failed after 62.08s kind=missing-link: MissingLinkError: Could not find 'Grant-wise expenditure' link on main page
2026-09-30 07:50:13.683 INFO  [worker_0] [17/24 2401001140300] STATUS UPDATE scheme=2401001140300 status=-1 attempts=5 remark="MissingLinkError: Could not find 'Grant-wise expenditure' link on main page" [crawler_status.json 4857 bytes, 84 ms]
2026-09-30 07:50:13.692 INFO  [worker_0] [17/24 2401001140300] Waiting 19.6 seconds before retry...
2026-09-30 07:51:14.056 INFO  [worker_3] [18/24 2401008000203] HTTP GET main page (KoshvaniStatic.aspx) END status=200 bytes=820 elapsed=59.50s redirects=1 final=ClearSession.aspx
2026-09-30 07:51:14.057 WARNING [worker_3] [18/24 2401008000203] PORTAL BOUNCE at main page: all workers will hold for up to 101s
2026-09-30 07:51:14.060 WARNING [worker_3] [18/24 2401008000203] Attempt 2/3 failed after 59.54s kind=missing-link: MissingLinkError: Could not find 'Grant-wise expenditure' link on main page
2026-09-30 07:51:14.144 INFO  [worker_3] [18/24 2401008000203] STATUS UPDATE scheme=2401008000203 status=-1 attempts=5 remark="MissingLinkError: Could not find 'Grant-wise expenditure' link on main page" [crawler_status.json 4828 bytes, 84 ms]
2026-09-30 07:51:14.150 INFO  [worker_3] [18/24 2401008000203] Waiting 19.1 seconds before retry...
2026-09-30 07:51:47.141 WARNING [worker_2] [19/24 2401008000400] HTTP GET main page (KoshvaniStatic.aspx) FAILED after 61.48s kind=timeout: ReadTimeout: HTTPSConnectionPool(host='koshvani.up.nic.in', port=443): Read timed out. (read timeout=45)
2026-09-30 07:51:47.146 WARNING [worker_2] [19/24 2401008000400] Attempt 2/3 failed after 61.53s kind=timeout: ReadTimeout: HTTPSConnectionPool(host='koshvani.up.nic.in', port=443): Read timed out. (read timeout=45)
2026-09-30 07:51:47.160 INFO  [worker_2] [19/24 2401008000400] STATUS UPDATE scheme=2401008000400 status=-1 attempts=5 remark="ReadTimeout: HTTPSConnectionPool(host='koshvani.up.nic.in', port=443): Read timed out. (read timeout=45)" [crawler_status.json 4828 bytes, 11 ms]
2026-09-30 07:51:47.162 INFO  [worker_2] [19/24 2401008000400] Waiting 25.4 seconds before retry...
2026-09-30 07:51:48.469 WARNING [worker_0] [17/24 2401001140300] Portal hold: the portal is bouncing sessions, waiting 93s with the other workers
2026-09-30 07:52:28.788 WARNING [worker_3] [18/24 2401008000203] Portal hold: the portal is bouncing sessions, waiting 84s with the other workers
2026-09-30 07:52:50.324 WARNING [worker_1] [20/24 2402001020109] HTTP GET main page (KoshvaniStatic.aspx) FAILED after 60.71s kind=timeout: ReadTimeout: HTTPSConnectionPool(host='koshvani.up.nic.in', port=443): Read timed out. (read timeout=45)
2026-09-30 07:52:50.330 WARNING [worker_1] [20/24 2402001020109] Attempt 2/3 failed after 60.74s kind=timeout: ReadTimeout: HTTPSConnectionPool(host='koshvani.up.nic.in', port=443): Read timed out. (read timeout=45)
2026-09-30 07:52:50.343 INFO  [worker_1] [20/24 2402001020109] STATUS UPDATE scheme=2402001020109 status=-1 attempts=5 remark="ReadTimeout: HTTPSConnectionPool(host='koshvani.up.nic.in', port=443): Read timed out. (read timeout=45)" [crawler_status.json 4828 bytes, 10 ms]
2026-09-30 07:52:50.345 INFO  [worker_1] [20/24 2402001020109] Waiting 20.8 seconds before retry...
2026-09-30 07:53:34.303 WARNING [worker_2] [19/24 2401008000400] Portal hold: the portal is bouncing sessions, waiting 69s with the other workers
2026-09-30 07:54:08.046 WARNING [worker_1] [20/24 2402001020109] Portal hold: the portal is bouncing sessions, waiting 60s with the other workers
2026-09-30 07:57:33.995 INFO  [worker_3] [18/24 2401008000203] Attempt 3/3 START
2026-09-30 07:57:33.997 INFO  [worker_0] [17/24 2401001140300] Attempt 3/3 START
2026-09-30 07:57:33.999 INFO  [worker_1] [20/24 2402001020109] Attempt 3/3 START
2026-09-30 07:57:33.996 INFO  [worker_2] [19/24 2401008000400] Attempt 3/3 START
2026-09-30 07:57:34.036 INFO  [worker_3] [18/24 2401008000203] HTTP GET main page (KoshvaniStatic.aspx) START
2026-09-30 07:57:34.043 INFO  [worker_0] [17/24 2401001140300] HTTP GET main page (KoshvaniStatic.aspx) START
2026-09-30 07:57:34.044 INFO  [worker_1] [20/24 2402001020109] HTTP GET main page (KoshvaniStatic.aspx) START
2026-09-30 07:57:34.054 INFO  [worker_2] [19/24 2401008000400] HTTP GET main page (KoshvaniStatic.aspx) START
2026-09-30 08:01:08.079 WARNING [worker_2] [19/24 2401008000400] HTTP GET main page (KoshvaniStatic.aspx) FAILED after 59.44s kind=timeout: ReadTimeout: HTTPSConnectionPool(host='koshvani.up.nic.in', port=443): Read timed out. (read timeout=45)
2026-09-30 08:01:08.082 WARNING [worker_2] [19/24 2401008000400] Attempt 3/3 failed after 59.50s kind=timeout: ReadTimeout: HTTPSConnectionPool(host='koshvani.up.nic.in', port=443): Read timed out. (read timeout=45)
2026-09-30 08:01:08.084 WARNING [worker_0] [17/24 2401001140300] HTTP GET main page (KoshvaniStatic.aspx) FAILED after 59.46s kind=timeout: ReadTimeout: HTTPSConnectionPool(host='koshvani.up.nic.in', port=443): Read timed out. (read timeout=45)
2026-09-30 08:01:08.087 WARNING [worker_0] [17/24 2401001140300] Attempt 3/3 failed after 59.51s kind=timeout: ReadTimeout: HTTPSConnectionPool(host='koshvani.up.nic.in', port=443): Read timed out. (read timeout=45)
2026-09-30 08:01:08.095 WARNING [worker_3] [18/24 2401008000203] HTTP GET main page (KoshvaniStatic.aspx) FAILED after 59.47s kind=timeout: ReadTimeout: HTTPSConnectionPool(host='koshvani.up.nic.in', port=443): Read timed out. (read timeout=45)
2026-09-30 08:01:08.097 WARNING [worker_3] [18/24 2401008000203] Attempt 3/3 failed after 59.52s kind=timeout: ReadTimeout: HTTPSConnectionPool(host='koshvani.up.nic.in', port=443): Read timed out. (read timeout=45)
2026-09-30 08:01:08.099 INFO  [worker_2] [19/24 2401008000400] STATUS UPDATE scheme=2401008000400 status=-1 attempts=6 remark="ReadTimeout: HTTPSConnectionPool(host='koshvani.up.nic.in', port=443): Read timed out. (read timeout=45)" [crawler_status.json 4828 bytes, 15 ms]
2026-09-30 08:01:08.102 WARNING [worker_2] [19/24 2401008000400] KEEPING last good data for agri-011-2401008000400 (from 2026-09-29T02:21:12+00:00); the failure is only recorded in crawler_status.json
2026-09-30 08:01:08.103 INFO  [worker_2] [19/24 2401008000400] FINAL STATUS: FAILED after 6 attempts
2026-09-30 08:01:08.104 WARNING [worker_2] [19/24 2401008000400] SCHEME DONE status=-1 attempts=6 elapsed=275.87s worker=worker_2
2026-09-30 08:01:08.105 INFO  [worker_2] [21/24 2402001020111] SCHEME START [cool-down round 1/2] नेशनल मिशन ऑन नेचुरल फार्मिग (के.60/रा.40-के.+ रा.) (Grant 011) (worker=worker_2)
2026-09-30 08:01:08.106 INFO  [worker_2] [21/24 2402001020111] Attempt 1/3 START
2026-09-30 08:01:08.110 WARNING [worker_1] [20/24 2402001020109] HTTP GET main page (KoshvaniStatic.aspx) FAILED after 59.48s kind=timeout: ReadTimeout: HTTPSConnectionPool(host='koshvani.up.nic.in', port=443): Read timed out. (read timeout=45)
2026-09-30 08:01:08.111 WARNING [worker_1] [20/24 2402001020109] Attempt 3/3 failed after 59.53s kind=timeout: ReadTimeout: HTTPSConnectionPool(host='koshvani.up.nic.in', port=443): Read timed out. (read timeout=45)
2026-09-30 08:01:08.113 INFO  [worker_0] [17/24 2401001140300] STATUS UPDATE scheme=2401001140300 status=-1 attempts=6 remark="ReadTimeout: HTTPSConnectionPool(host='koshvani.up.nic.in', port=443): Read timed out. (read timeout=45)" [crawler_status.json 4857 bytes, 12 ms]
2026-09-30 08:01:08.116 WARNING [worker_0] [17/24 2401001140300] KEEPING last good data for agri-011-2401001140300 (from 2026-09-29T02:15:24+00:00); the failure is only recorded in crawler_status.json
2026-09-30 08:01:08.118 INFO  [worker_0] [17/24 2401001140300] FINAL STATUS: FAILED after 6 attempts
2026-09-30 08:01:08.118 WARNING [worker_0] [17/24 2401001140300] SCHEME DONE status=-1 attempts=6 elapsed=292.26s worker=worker_0
2026-09-30 08:01:08.119 INFO  [worker_0] [22/24 4401001030300] SCHEME START [cool-down round 1/2] प्रयोगात्मक प्रक्षेत्र प्रदर्शन और बीज वर्द्धन प्रक्षेत्र (जिला योजना) (Grant 011) (worker=worker_0)
2026-09-30 08:01:08.120 INFO  [worker_0] [22/24 4401001030300] Start stagger: waiting 5.0s so workers do not hit the portal together
2026-09-30 08:01:08.123 INFO  [worker_3] [18/24 2401008000203] STATUS UPDATE scheme=2401008000203 status=-1 attempts=6 remark="ReadTimeout: HTTPSConnectionPool(host='koshvani.up.nic.in', port=443): Read timed out. (read timeout=45)" [crawler_status.json 4886 bytes, 7 ms]
2026-09-30 08:01:08.127 WARNING [worker_3] [18/24 2401008000203] KEEPING last good data for agri-011-2401008000203 (from 2026-09-29T02:15:38+00:00); the failure is only recorded in crawler_status.json
2026-09-30 08:01:08.128 INFO  [worker_3] [18/24 2401008000203] FINAL STATUS: FAILED after 6 attempts
2026-09-30 08:01:08.128 WARNING [worker_3] [18/24 2401008000203] SCHEME DONE status=-1 attempts=6 elapsed=284.52s worker=worker_3
2026-09-30 08:01:08.129 INFO  [worker_3] [23/24 4401001030401] SCHEME START [cool-down round 1/2] खाद्यान्न/दलहन/तिलहन/बीज की लागत और प्रासंगिक व्यय (Grant 011) (worker=worker_3)
2026-09-30 08:01:08.130 INFO  [worker_3] [23/24 4401001030401] Start stagger: waiting 9.2s so workers do not hit the portal together
2026-09-30 08:01:08.134 INFO  [worker_1] [20/24 2402001020109] STATUS UPDATE scheme=2402001020109 status=-1 attempts=6 remark="ReadTimeout: HTTPSConnectionPool(host='koshvani.up.nic.in', port=443): Read timed out. (read timeout=45)" [crawler_status.json 4886 bytes, 9 ms]
2026-09-30 08:01:08.138 WARNING [worker_1] [20/24 2402001020109] KEEPING last good data for agri-011-2402001020109 (from 2026-09-29T02:28:20+00:00); the failure is only recorded in crawler_status.json
2026-09-30 08:01:08.140 INFO  [worker_1] [20/24 2402001020109] FINAL STATUS: FAILED after 6 attempts
2026-09-30 08:01:08.140 INFO  [worker_2] [21/24 2402001020111] HTTP GET main page (KoshvaniStatic.aspx) START
2026-09-30 08:01:08.141 WARNING [worker_1] [20/24 2402001020109] SCHEME DONE status=-1 attempts=6 elapsed=269.92s worker=worker_1
2026-09-30 08:01:08.146 INFO  [worker_1] [24/24 4401001030403] SCHEME START [cool-down round 1/2] कपास और बिनोले के बीजों की लागत(प्रासंगिक व्यय सहित) (Grant 011) (worker=worker_1)
2026-09-30 08:01:08.147 INFO  [worker_1] [24/24 4401001030403] Start stagger: waiting 15.1s so workers do not hit the portal together
2026-09-30 08:01:08.369 INFO  [MainThread] FILE WRITE index.json 14374 bytes 8 ms | overall=RUNNING successful=0 failed=24 unprocessed=0
2026-09-30 08:01:08.382 INFO  [MainThread] FILE WRITE index.json 14374 bytes 4 ms | overall=RUNNING successful=0 failed=24 unprocessed=0
2026-09-30 08:01:08.394 INFO  [MainThread] FILE WRITE index.json 14374 bytes 3 ms | overall=RUNNING successful=0 failed=24 unprocessed=0
2026-09-30 08:01:08.404 INFO  [MainThread] FILE WRITE index.json 14374 bytes 3 ms | overall=RUNNING successful=0 failed=24 unprocessed=0
2026-09-30 08:01:16.981 INFO  [worker_0] [22/24 4401001030300] Attempt 1/3 START
2026-09-30 08:01:20.206 INFO  [worker_0] [22/24 4401001030300] HTTP GET main page (KoshvaniStatic.aspx) START
2026-09-30 08:01:35.721 INFO  [worker_3] [23/24 4401001030401] Attempt 1/3 START
2026-09-30 08:01:35.758 INFO  [worker_3] [23/24 4401001030401] HTTP GET main page (KoshvaniStatic.aspx) START
2026-09-30 08:01:55.639 INFO  [worker_1] [24/24 4401001030403] Attempt 1/3 START
2026-09-30 08:01:55.677 INFO  [worker_1] [24/24 4401001030403] HTTP GET main page (KoshvaniStatic.aspx) START
2026-09-30 08:06:09.080 WARNING [worker_2] [21/24 2402001020111] HTTP GET main page (KoshvaniStatic.aspx) FAILED after 60.05s kind=timeout: ReadTimeout: HTTPSConnectionPool(host='koshvani.up.nic.in', port=443): Read timed out. (read timeout=45)
2026-09-30 08:06:09.084 WARNING [worker_2] [21/24 2402001020111] Attempt 1/3 failed after 60.09s kind=timeout: ReadTimeout: HTTPSConnectionPool(host='koshvani.up.nic.in', port=443): Read timed out. (read timeout=45)
2026-09-30 08:06:09.179 INFO  [worker_2] [21/24 2402001020111] STATUS UPDATE scheme=2402001020111 status=-1 attempts=4 remark="ReadTimeout: HTTPSConnectionPool(host='koshvani.up.nic.in', port=443): Read timed out. (read timeout=45)" [crawler_status.json 4886 bytes, 92 ms]
2026-09-30 08:06:09.181 INFO  [worker_2] [21/24 2402001020111] Waiting 9.7 seconds before retry...
2026-09-30 08:06:17.191 WARNING [worker_0] [22/24 4401001030300] HTTP GET main page (KoshvaniStatic.aspx) FAILED after 59.09s kind=timeout: ReadTimeout: HTTPSConnectionPool(host='koshvani.up.nic.in', port=443): Read timed out. (read timeout=45)
2026-09-30 08:06:17.195 WARNING [worker_0] [22/24 4401001030300] Attempt 1/3 failed after 59.33s kind=timeout: ReadTimeout: HTTPSConnectionPool(host='koshvani.up.nic.in', port=443): Read timed out. (read timeout=45)
2026-09-30 08:06:17.283 INFO  [worker_0] [22/24 4401001030300] STATUS UPDATE scheme=4401001030300 status=-1 attempts=4 remark="ReadTimeout: HTTPSConnectionPool(host='koshvani.up.nic.in', port=443): Read timed out. (read timeout=45)" [crawler_status.json 4886 bytes, 85 ms]
2026-09-30 08:06:17.285 INFO  [worker_0] [22/24 4401001030300] Waiting 12.5 seconds before retry...
2026-09-30 08:06:32.585 WARNING [worker_3] [23/24 4401001030401] HTTP GET main page (KoshvaniStatic.aspx) FAILED after 59.28s kind=timeout: ReadTimeout: HTTPSConnectionPool(host='koshvani.up.nic.in', port=443): Read timed out. (read timeout=45)
2026-09-30 08:06:32.588 WARNING [worker_3] [23/24 4401001030401] Attempt 1/3 failed after 59.33s kind=timeout: ReadTimeout: HTTPSConnectionPool(host='koshvani.up.nic.in', port=443): Read timed out. (read timeout=45)
2026-09-30 08:06:32.675 INFO  [worker_3] [23/24 4401001030401] STATUS UPDATE scheme=4401001030401 status=-1 attempts=4 remark="ReadTimeout: HTTPSConnectionPool(host='koshvani.up.nic.in', port=443): Read timed out. (read timeout=45)" [crawler_status.json 4886 bytes, 85 ms]
2026-09-30 08:06:32.677 INFO  [worker_3] [23/24 4401001030401] Waiting 8 seconds before retry...
2026-09-30 08:06:37.584 INFO  [worker_2] [21/24 2402001020111] Attempt 2/3 START
2026-09-30 08:06:37.624 INFO  [worker_2] [21/24 2402001020111] HTTP GET main page (KoshvaniStatic.aspx) START
2026-09-30 08:06:56.425 WARNING [worker_1] [24/24 4401001030403] HTTP GET main page (KoshvaniStatic.aspx) FAILED after 59.25s kind=timeout: ReadTimeout: HTTPSConnectionPool(host='koshvani.up.nic.in', port=443): Read timed out. (read timeout=45)
2026-09-30 08:06:56.430 WARNING [worker_1] [24/24 4401001030403] Attempt 1/3 failed after 59.29s kind=timeout: ReadTimeout: HTTPSConnectionPool(host='koshvani.up.nic.in', port=443): Read timed out. (read timeout=45)
2026-09-30 08:06:56.443 INFO  [worker_1] [24/24 4401001030403] STATUS UPDATE scheme=4401001030403 status=-1 attempts=4 remark="ReadTimeout: HTTPSConnectionPool(host='koshvani.up.nic.in', port=443): Read timed out. (read timeout=45)" [crawler_status.json 4886 bytes, 10 ms]
2026-09-30 08:06:56.445 INFO  [worker_1] [24/24 4401001030403] Waiting 11.4 seconds before retry...
2026-09-30 08:06:58.383 INFO  [worker_3] [23/24 4401001030401] Attempt 2/3 START
2026-09-30 08:06:58.423 INFO  [worker_3] [23/24 4401001030401] HTTP GET main page (KoshvaniStatic.aspx) START
2026-09-30 08:06:58.751 INFO  [worker_0] [22/24 4401001030300] Start stagger: waiting 4.0s so workers do not hit the portal together
2026-09-30 08:07:02.727 INFO  [worker_0] [22/24 4401001030300] Attempt 2/3 START
2026-09-30 08:07:02.767 INFO  [worker_0] [22/24 4401001030300] HTTP GET main page (KoshvaniStatic.aspx) START
2026-09-30 08:07:07.847 INFO  [worker_1] [24/24 4401001030403] Attempt 2/3 START
2026-09-30 08:07:07.880 INFO  [worker_1] [24/24 4401001030403] HTTP GET main page (KoshvaniStatic.aspx) START
2026-09-30 08:08:38.320 WARNING [worker_2] [21/24 2402001020111] HTTP GET main page (KoshvaniStatic.aspx) FAILED after 50.58s kind=timeout: ReadTimeout: HTTPSConnectionPool(host='koshvani.up.nic.in', port=443): Read timed out. (read timeout=45)
2026-09-30 08:08:38.324 WARNING [worker_2] [21/24 2402001020111] Attempt 2/3 failed after 50.63s kind=timeout: ReadTimeout: HTTPSConnectionPool(host='koshvani.up.nic.in', port=443): Read timed out. (read timeout=45)
2026-09-30 08:08:38.418 INFO  [worker_2] [21/24 2402001020111] STATUS UPDATE scheme=2402001020111 status=-1 attempts=5 remark="ReadTimeout: HTTPSConnectionPool(host='koshvani.up.nic.in', port=443): Read timed out. (read timeout=45)" [crawler_status.json 4886 bytes, 91 ms]
2026-09-30 08:08:38.421 INFO  [worker_2] [21/24 2402001020111] Waiting 26.6 seconds before retry...
2026-09-30 08:09:16.358 WARNING [worker_3] [23/24 4401001030401] HTTP GET main page (KoshvaniStatic.aspx) FAILED after 51.04s kind=timeout: ReadTimeout: HTTPSConnectionPool(host='koshvani.up.nic.in', port=443): Read timed out. (read timeout=45)
2026-09-30 08:09:16.362 WARNING [worker_3] [23/24 4401001030401] Attempt 2/3 failed after 51.08s kind=timeout: ReadTimeout: HTTPSConnectionPool(host='koshvani.up.nic.in', port=443): Read timed out. (read timeout=45)
2026-09-30 08:09:16.452 INFO  [worker_3] [23/24 4401001030401] STATUS UPDATE scheme=4401001030401 status=-1 attempts=5 remark="ReadTimeout: HTTPSConnectionPool(host='koshvani.up.nic.in', port=443): Read timed out. (read timeout=45)" [crawler_status.json 4886 bytes, 87 ms]
2026-09-30 08:09:16.454 INFO  [worker_3] [23/24 4401001030401] Waiting 22.5 seconds before retry...
2026-09-30 08:09:56.711 WARNING [worker_0] [22/24 4401001030300] HTTP GET main page (KoshvaniStatic.aspx) FAILED after 53.18s kind=timeout: ReadTimeout: HTTPSConnectionPool(host='koshvani.up.nic.in', port=443): Read timed out. (read timeout=45)
2026-09-30 08:09:56.715 WARNING [worker_0] [22/24 4401001030300] Attempt 2/3 failed after 53.22s kind=timeout: ReadTimeout: HTTPSConnectionPool(host='koshvani.up.nic.in', port=443): Read timed out. (read timeout=45)
2026-09-30 08:09:56.807 INFO  [worker_0] [22/24 4401001030300] STATUS UPDATE scheme=4401001030300 status=-1 attempts=5 remark="ReadTimeout: HTTPSConnectionPool(host='koshvani.up.nic.in', port=443): Read timed out. (read timeout=45)" [crawler_status.json 4886 bytes, 90 ms]
2026-09-30 08:09:56.810 INFO  [worker_0] [22/24 4401001030300] Waiting 28.3 seconds before retry...
2026-09-30 08:10:47.850 WARNING [worker_1] [24/24 4401001030403] HTTP GET main page (KoshvaniStatic.aspx) FAILED after 56.24s kind=timeout: ReadTimeout: HTTPSConnectionPool(host='koshvani.up.nic.in', port=443): Read timed out. (read timeout=45)
2026-09-30 08:10:47.855 WARNING [worker_1] [24/24 4401001030403] Attempt 2/3 failed after 56.28s kind=timeout: ReadTimeout: HTTPSConnectionPool(host='koshvani.up.nic.in', port=443): Read timed out. (read timeout=45)
2026-09-30 08:10:47.950 INFO  [worker_1] [24/24 4401001030403] STATUS UPDATE scheme=4401001030403 status=-1 attempts=5 remark="ReadTimeout: HTTPSConnectionPool(host='koshvani.up.nic.in', port=443): Read timed out. (read timeout=45)" [crawler_status.json 4886 bytes, 91 ms]
2026-09-30 08:10:47.953 INFO  [worker_1] [24/24 4401001030403] Waiting 20.8 seconds before retry...
2026-09-30 08:11:14.628 INFO  [worker_2] [21/24 2402001020111] Attempt 3/3 START
2026-09-30 08:11:14.668 INFO  [worker_2] [21/24 2402001020111] HTTP GET main page (KoshvaniStatic.aspx) START
2026-09-30 08:11:19.015 INFO  [worker_3] [23/24 4401001030401] Start stagger: waiting 1.2s so workers do not hit the portal together
2026-09-30 08:11:24.065 INFO  [worker_3] [23/24 4401001030401] Attempt 3/3 START
2026-09-30 08:11:24.105 INFO  [worker_3] [23/24 4401001030401] HTTP GET main page (KoshvaniStatic.aspx) START
2026-09-30 08:12:40.457 INFO  [worker_0] [22/24 4401001030300] Attempt 3/3 START
2026-09-30 08:12:44.299 INFO  [worker_0] [22/24 4401001030300] HTTP GET main page (KoshvaniStatic.aspx) START
2026-09-30 08:12:44.685 INFO  [worker_1] [24/24 4401001030403] Start stagger: waiting 3.8s so workers do not hit the portal together
2026-09-30 08:13:08.035 INFO  [worker_1] [24/24 4401001030403] Attempt 3/3 START
2026-09-30 08:13:08.070 INFO  [worker_1] [24/24 4401001030403] HTTP GET main page (KoshvaniStatic.aspx) START
2026-09-30 08:16:14.789 WARNING [worker_2] [21/24 2402001020111] HTTP GET main page (KoshvaniStatic.aspx) FAILED after 60.90s kind=timeout: ReadTimeout: HTTPSConnectionPool(host='koshvani.up.nic.in', port=443): Read timed out. (read timeout=45)
2026-09-30 08:16:14.794 WARNING [worker_2] [21/24 2402001020111] Attempt 3/3 failed after 60.95s kind=timeout: ReadTimeout: HTTPSConnectionPool(host='koshvani.up.nic.in', port=443): Read timed out. (read timeout=45)
2026-09-30 08:16:14.803 INFO  [worker_2] [21/24 2402001020111] STATUS UPDATE scheme=2402001020111 status=-1 attempts=6 remark="ReadTimeout: HTTPSConnectionPool(host='koshvani.up.nic.in', port=443): Read timed out. (read timeout=45)" [crawler_status.json 4886 bytes, 7 ms]
2026-09-30 08:16:14.806 WARNING [worker_2] [21/24 2402001020111] KEEPING last good data for agri-011-2402001020111 (from 2026-09-29T02:15:53+00:00); the failure is only recorded in crawler_status.json
2026-09-30 08:16:14.808 INFO  [worker_2] [21/24 2402001020111] FINAL STATUS: FAILED after 6 attempts
2026-09-30 08:16:14.808 WARNING [worker_2] [21/24 2402001020111] SCHEME DONE status=-1 attempts=6 elapsed=208.38s worker=worker_2
2026-09-30 08:16:14.820 INFO  [MainThread] FILE WRITE index.json 14374 bytes 4 ms | overall=RUNNING successful=0 failed=24 unprocessed=0
2026-09-30 08:16:17.916 WARNING [worker_3] [23/24 4401001030401] HTTP GET main page (KoshvaniStatic.aspx) FAILED after 59.94s kind=timeout: ReadTimeout: HTTPSConnectionPool(host='koshvani.up.nic.in', port=443): Read timed out. (read timeout=45)
2026-09-30 08:16:17.919 WARNING [worker_3] [23/24 4401001030401] Attempt 3/3 failed after 59.98s kind=timeout: ReadTimeout: HTTPSConnectionPool(host='koshvani.up.nic.in', port=443): Read timed out. (read timeout=45)
2026-09-30 08:16:17.932 INFO  [worker_3] [23/24 4401001030401] STATUS UPDATE scheme=4401001030401 status=-1 attempts=6 remark="ReadTimeout: HTTPSConnectionPool(host='koshvani.up.nic.in', port=443): Read timed out. (read timeout=45)" [crawler_status.json 4886 bytes, 10 ms]
2026-09-30 08:16:17.935 WARNING [worker_3] [23/24 4401001030401] KEEPING last good data for agri-011-4401001030401 (from 2026-09-29T02:28:16+00:00); the failure is only recorded in crawler_status.json
2026-09-30 08:16:17.937 INFO  [worker_3] [23/24 4401001030401] FINAL STATUS: FAILED after 6 attempts
2026-09-30 08:16:17.937 WARNING [worker_3] [23/24 4401001030401] SCHEME DONE status=-1 attempts=6 elapsed=211.48s worker=worker_3
2026-09-30 08:16:17.948 INFO  [MainThread] FILE WRITE index.json 14374 bytes 3 ms | overall=RUNNING successful=0 failed=24 unprocessed=0
2026-09-30 08:16:27.512 WARNING [worker_0] [22/24 4401001030300] HTTP GET main page (KoshvaniStatic.aspx) FAILED after 56.89s kind=timeout: ReadTimeout: HTTPSConnectionPool(host='koshvani.up.nic.in', port=443): Read timed out. (read timeout=45)
2026-09-30 08:16:27.516 WARNING [worker_0] [22/24 4401001030300] Attempt 3/3 failed after 57.19s kind=timeout: ReadTimeout: HTTPSConnectionPool(host='koshvani.up.nic.in', port=443): Read timed out. (read timeout=45)
2026-09-30 08:16:27.530 INFO  [worker_0] [22/24 4401001030300] STATUS UPDATE scheme=4401001030300 status=-1 attempts=6 remark="ReadTimeout: HTTPSConnectionPool(host='koshvani.up.nic.in', port=443): Read timed out. (read timeout=45)" [crawler_status.json 4886 bytes, 11 ms]
2026-09-30 08:16:27.532 WARNING [worker_0] [22/24 4401001030300] KEEPING last good data for agri-011-4401001030300 (from 2026-09-29T02:16:15+00:00); the failure is only recorded in crawler_status.json
2026-09-30 08:16:27.533 INFO  [worker_0] [22/24 4401001030300] FINAL STATUS: FAILED after 6 attempts
2026-09-30 08:16:27.534 WARNING [worker_0] [22/24 4401001030300] SCHEME DONE status=-1 attempts=6 elapsed=219.77s worker=worker_0
2026-09-30 08:16:27.545 INFO  [MainThread] FILE WRITE index.json 14374 bytes 4 ms | overall=RUNNING successful=0 failed=24 unprocessed=0
2026-09-30 08:16:33.044 WARNING [worker_1] [24/24 4401001030403] HTTP GET main page (KoshvaniStatic.aspx) FAILED after 57.38s kind=timeout: ReadTimeout: HTTPSConnectionPool(host='koshvani.up.nic.in', port=443): Read timed out. (read timeout=45)
2026-09-30 08:16:33.047 WARNING [worker_1] [24/24 4401001030403] Attempt 3/3 failed after 57.42s kind=timeout: ReadTimeout: HTTPSConnectionPool(host='koshvani.up.nic.in', port=443): Read timed out. (read timeout=45)
2026-09-30 08:16:33.150 INFO  [worker_1] [24/24 4401001030403] STATUS UPDATE scheme=4401001030403 status=-1 attempts=6 remark="ReadTimeout: HTTPSConnectionPool(host='koshvani.up.nic.in', port=443): Read timed out. (read timeout=45)" [crawler_status.json 4886 bytes, 101 ms]
2026-09-30 08:16:33.154 WARNING [worker_1] [24/24 4401001030403] KEEPING last good data for agri-011-4401001030403 (from 2026-09-29T02:28:18+00:00); the failure is only recorded in crawler_status.json
2026-09-30 08:16:33.156 INFO  [worker_1] [24/24 4401001030403] FINAL STATUS: FAILED after 6 attempts
2026-09-30 08:16:33.158 WARNING [worker_1] [24/24 4401001030403] SCHEME DONE status=-1 attempts=6 elapsed=224.67s worker=worker_1
2026-09-30 08:16:33.174 INFO  [MainThread] FILE WRITE index.json 14374 bytes 7 ms | overall=RUNNING successful=0 failed=24 unprocessed=0
2026-09-30 08:16:33.175 WARNING [MainThread] COOL-DOWN round 2/2: 24 scheme(s) still failed; waiting 300s for the portal to settle
2026-09-30 08:35:45.928 INFO  [worker_2] [01/24 2401000010500] SCHEME START [cool-down round 2/2] कृषि विभाग — जिला संगठन (Grant 011) (worker=worker_2)
2026-09-30 08:35:45.929 INFO  [worker_0] [03/24 2401001020129] SCHEME START [cool-down round 2/2] मिशन फार आत्मनिर्भरता इन पल्सेस (के.60/रा.40-के.+रा.) (Grant 011) (worker=worker_0)
2026-09-30 08:35:45.930 INFO  [worker_3] [02/24 2401001020103] SCHEME START [cool-down round 2/2] फूड एण्ड न्यूट्रिशन सिक्यूरिटी (कृषि उन्नति योजना) (के.60/रा.40-के.+ रा.) (Grant 011) (worker=worker_3)
2026-09-30 08:35:45.930 INFO  [worker_1] [04/24 2401001030300] SCHEME START [cool-down round 2/2] प्रयोगात्मक प्रक्षेत्र प्रदर्शन और बीज बर्द्धन प्रक्षेत्र (Grant 011) (worker=worker_1)
2026-09-30 08:35:45.931 INFO  [worker_2] [01/24 2401000010500] Attempt 1/3 START
2026-09-30 08:35:45.931 INFO  [worker_0] [03/24 2401001020129] Start stagger: waiting 4.6s so workers do not hit the portal together
2026-09-30 08:35:45.933 INFO  [worker_3] [02/24 2401001020103] Start stagger: waiting 9.0s so workers do not hit the portal together
2026-09-30 08:35:45.934 INFO  [worker_1] [04/24 2401001030300] Start stagger: waiting 14.3s so workers do not hit the portal together
2026-09-30 08:35:45.969 INFO  [worker_2] [01/24 2401000010500] HTTP GET main page (KoshvaniStatic.aspx) START
2026-09-30 08:36:02.677 INFO  [worker_0] [03/24 2401001020129] Attempt 1/3 START
2026-09-30 08:36:02.709 INFO  [worker_0] [03/24 2401001020129] HTTP GET main page (KoshvaniStatic.aspx) START
2026-09-30 08:36:18.072 INFO  [worker_3] [02/24 2401001020103] Attempt 1/3 START
2026-09-30 08:36:18.110 INFO  [worker_3] [02/24 2401001020103] HTTP GET main page (KoshvaniStatic.aspx) START
2026-09-30 08:36:39.984 INFO  [worker_1] [04/24 2401001030300] Attempt 1/3 START
2026-09-30 08:36:40.023 INFO  [worker_1] [04/24 2401001030300] HTTP GET main page (KoshvaniStatic.aspx) START
2026-09-30 08:38:45.271 WARNING [worker_2] [01/24 2401000010500] HTTP GET main page (KoshvaniStatic.aspx) FAILED after 56.95s kind=timeout: ReadTimeout: HTTPSConnectionPool(host='koshvani.up.nic.in', port=443): Read timed out. (read timeout=45)
2026-09-30 08:38:45.275 WARNING [worker_2] [01/24 2401000010500] Attempt 1/3 failed after 56.99s kind=timeout: ReadTimeout: HTTPSConnectionPool(host='koshvani.up.nic.in', port=443): Read timed out. (read timeout=45)
2026-09-30 08:38:45.365 INFO  [worker_2] [01/24 2401000010500] STATUS UPDATE scheme=2401000010500 status=-1 attempts=7 remark="ReadTimeout: HTTPSConnectionPool(host='koshvani.up.nic.in', port=443): Read timed out. (read timeout=45)" [crawler_status.json 4886 bytes, 88 ms]
2026-09-30 08:38:45.368 INFO  [worker_2] [01/24 2401000010500] Waiting 10.6 seconds before retry...
2026-09-30 08:39:08.022 WARNING [worker_0] [03/24 2401001020129] HTTP GET main page (KoshvaniStatic.aspx) FAILED after 56.38s kind=timeout: ReadTimeout: HTTPSConnectionPool(host='koshvani.up.nic.in', port=443): Read timed out. (read timeout=45)
2026-09-30 08:39:08.026 WARNING [worker_0] [03/24 2401001020129] Attempt 1/3 failed after 56.42s kind=timeout: ReadTimeout: HTTPSConnectionPool(host='koshvani.up.nic.in', port=443): Read timed out. (read timeout=45)
2026-09-30 08:39:08.108 INFO  [worker_0] [03/24 2401001020129] STATUS UPDATE scheme=2401001020129 status=-1 attempts=7 remark="ReadTimeout: HTTPSConnectionPool(host='koshvani.up.nic.in', port=443): Read timed out. (read timeout=45)" [crawler_status.json 4886 bytes, 79 ms]
2026-09-30 08:39:08.112 INFO  [worker_0] [03/24 2401001020129] Waiting 5.2 seconds before retry...
2026-09-30 08:39:28.103 WARNING [worker_3] [02/24 2401001020103] HTTP GET main page (KoshvaniStatic.aspx) FAILED after 57.38s kind=timeout: ReadTimeout: HTTPSConnectionPool(host='koshvani.up.nic.in', port=443): Read timed out. (read timeout=45)
2026-09-30 08:39:28.107 WARNING [worker_3] [02/24 2401001020103] Attempt 1/3 failed after 57.43s kind=timeout: ReadTimeout: HTTPSConnectionPool(host='koshvani.up.nic.in', port=443): Read timed out. (read timeout=45)
2026-09-30 08:39:28.135 INFO  [worker_3] [02/24 2401001020103] STATUS UPDATE scheme=2401001020103 status=-1 attempts=7 remark="ReadTimeout: HTTPSConnectionPool(host='koshvani.up.nic.in', port=443): Read timed out. (read timeout=45)" [crawler_status.json 4886 bytes, 25 ms]
2026-09-30 08:39:28.138 INFO  [worker_3] [02/24 2401001020103] Waiting 11.7 seconds before retry...
2026-09-30 08:39:28.199 INFO  [worker_0] [03/24 2401001020129] Attempt 2/3 START
2026-09-30 08:39:28.237 INFO  [worker_0] [03/24 2401001020129] HTTP GET main page (KoshvaniStatic.aspx) START
2026-09-30 08:39:29.929 INFO  [worker_2] [01/24 2401000010500] Start stagger: waiting 4.2s so workers do not hit the portal together
2026-09-30 08:39:59.638 INFO  [worker_2] [01/24 2401000010500] Attempt 2/3 START
2026-09-30 08:39:59.678 INFO  [worker_2] [01/24 2401000010500] HTTP GET main page (KoshvaniStatic.aspx) START
2026-09-30 08:39:59.711 WARNING [worker_1] [04/24 2401001030300] HTTP GET main page (KoshvaniStatic.aspx) FAILED after 57.64s kind=timeout: ReadTimeout: HTTPSConnectionPool(host='koshvani.up.nic.in', port=443): Read timed out. (read timeout=45)
2026-09-30 08:39:59.714 WARNING [worker_1] [04/24 2401001030300] Attempt 1/3 failed after 57.69s kind=timeout: ReadTimeout: HTTPSConnectionPool(host='koshvani.up.nic.in', port=443): Read timed out. (read timeout=45)
2026-09-30 08:39:59.807 INFO  [worker_1] [04/24 2401001030300] STATUS UPDATE scheme=2401001030300 status=-1 attempts=7 remark="ReadTimeout: HTTPSConnectionPool(host='koshvani.up.nic.in', port=443): Read timed out. (read timeout=45)" [crawler_status.json 4886 bytes, 90 ms]
2026-09-30 08:39:59.809 INFO  [worker_1] [04/24 2401001030300] Waiting 6.5 seconds before retry...
2026-09-30 08:40:22.867 INFO  [worker_3] [02/24 2401001020103] Attempt 2/3 START
2026-09-30 08:40:22.907 INFO  [worker_3] [02/24 2401001020103] HTTP GET main page (KoshvaniStatic.aspx) START
2026-09-30 08:40:23.389 INFO  [worker_1] [04/24 2401001030300] Start stagger: waiting 5.2s so workers do not hit the portal together
2026-09-30 08:41:03.804 INFO  [worker_1] [04/24 2401001030300] Attempt 2/3 START
2026-09-30 08:41:03.847 INFO  [worker_1] [04/24 2401001030300] HTTP GET main page (KoshvaniStatic.aspx) START
2026-09-30 08:43:54.953 WARNING [worker_0] [03/24 2401001020129] HTTP GET main page (KoshvaniStatic.aspx) FAILED after 59.04s kind=timeout: ReadTimeout: HTTPSConnectionPool(host='koshvani.up.nic.in', port=443): Read timed out. (read timeout=45)
2026-09-30 08:43:54.958 WARNING [worker_0] [03/24 2401001020129] Attempt 2/3 failed after 59.08s kind=timeout: ReadTimeout: HTTPSConnectionPool(host='koshvani.up.nic.in', port=443): Read timed out. (read timeout=45)
2026-09-30 08:43:55.041 INFO  [worker_0] [03/24 2401001020129] STATUS UPDATE scheme=2401001020129 status=-1 attempts=8 remark="ReadTimeout: HTTPSConnectionPool(host='koshvani.up.nic.in', port=443): Read timed out. (read timeout=45)" [crawler_status.json 4886 bytes, 81 ms]
2026-09-30 08:43:55.044 INFO  [worker_0] [03/24 2401001020129] Waiting 22.9 seconds before retry...
2026-09-30 08:44:22.975 WARNING [worker_2] [01/24 2401000010500] HTTP GET main page (KoshvaniStatic.aspx) FAILED after 59.75s kind=timeout: ReadTimeout: HTTPSConnectionPool(host='koshvani.up.nic.in', port=443): Read timed out. (read timeout=45)
2026-09-30 08:44:22.978 WARNING [worker_2] [01/24 2401000010500] Attempt 2/3 failed after 59.79s kind=timeout: ReadTimeout: HTTPSConnectionPool(host='koshvani.up.nic.in', port=443): Read timed out. (read timeout=45)
2026-09-30 08:44:23.062 INFO  [worker_2] [01/24 2401000010500] STATUS UPDATE scheme=2401000010500 status=-1 attempts=8 remark="ReadTimeout: HTTPSConnectionPool(host='koshvani.up.nic.in', port=443): Read timed out. (read timeout=45)" [crawler_status.json 4886 bytes, 83 ms]
2026-09-30 08:44:23.065 INFO  [worker_2] [01/24 2401000010500] Waiting 24.4 seconds before retry...
2026-09-30 08:44:58.077 WARNING [worker_3] [02/24 2401001020103] HTTP GET main page (KoshvaniStatic.aspx) FAILED after 61.04s kind=timeout: ReadTimeout: HTTPSConnectionPool(host='koshvani.up.nic.in', port=443): Read timed out. (read timeout=45)
2026-09-30 08:44:58.081 WARNING [worker_3] [02/24 2401001020103] Attempt 2/3 failed after 61.08s kind=timeout: ReadTimeout: HTTPSConnectionPool(host='koshvani.up.nic.in', port=443): Read timed out. (read timeout=45)
2026-09-30 08:44:58.166 INFO  [worker_3] [02/24 2401001020103] STATUS UPDATE scheme=2401001020103 status=-1 attempts=8 remark="ReadTimeout: HTTPSConnectionPool(host='koshvani.up.nic.in', port=443): Read timed out. (read timeout=45)" [crawler_status.json 4886 bytes, 83 ms]
2026-09-30 08:44:58.168 INFO  [worker_3] [02/24 2401001020103] Waiting 16.1 seconds before retry...
2026-09-30 08:45:25.358 WARNING [worker_1] [04/24 2401001030300] HTTP GET main page (KoshvaniStatic.aspx) FAILED after 60.52s kind=timeout: ReadTimeout: HTTPSConnectionPool(host='koshvani.up.nic.in', port=443): Read timed out. (read timeout=45)
2026-09-30 08:45:25.362 WARNING [worker_1] [04/24 2401001030300] Attempt 2/3 failed after 60.57s kind=timeout: ReadTimeout: HTTPSConnectionPool(host='koshvani.up.nic.in', port=443): Read timed out. (read timeout=45)
2026-09-30 08:45:25.455 INFO  [worker_1] [04/24 2401001030300] STATUS UPDATE scheme=2401001030300 status=-1 attempts=8 remark="ReadTimeout: HTTPSConnectionPool(host='koshvani.up.nic.in', port=443): Read timed out. (read timeout=45)" [crawler_status.json 4886 bytes, 91 ms]
2026-09-30 08:45:25.457 INFO  [worker_1] [04/24 2401001030300] Waiting 25.3 seconds before retry...
2026-09-30 08:45:52.863 INFO  [worker_0] [03/24 2401001020129] Attempt 3/3 START
2026-09-30 08:45:52.903 INFO  [worker_0] [03/24 2401001020129] HTTP GET main page (KoshvaniStatic.aspx) START
2026-09-30 08:46:12.474 INFO  [worker_3] [02/24 2401001020103] Attempt 3/3 START
2026-09-30 08:46:12.513 INFO  [worker_3] [02/24 2401001020103] HTTP GET main page (KoshvaniStatic.aspx) START
2026-09-30 08:46:13.328 INFO  [worker_2] [01/24 2401000010500] Start stagger: waiting 3.5s so workers do not hit the portal together
2026-09-30 08:46:18.564 INFO  [worker_2] [01/24 2401000010500] Attempt 3/3 START
2026-09-30 08:46:18.607 INFO  [worker_2] [01/24 2401000010500] HTTP GET main page (KoshvaniStatic.aspx) START
2026-09-30 08:46:44.667 INFO  [worker_1] [04/24 2401001030300] Attempt 3/3 START
2026-09-30 08:46:45.705 INFO  [worker_1] [04/24 2401001030300] HTTP GET main page (KoshvaniStatic.aspx) START
2026-09-30 08:48:09.598 WARNING [worker_0] [03/24 2401001020129] HTTP GET main page (KoshvaniStatic.aspx) FAILED after 54.47s kind=timeout: ReadTimeout: HTTPSConnectionPool(host='koshvani.up.nic.in', port=443): Read timed out. (read timeout=45)
2026-09-30 08:48:09.599 WARNING [worker_0] [03/24 2401001020129] Attempt 3/3 failed after 54.51s kind=timeout: ReadTimeout: HTTPSConnectionPool(host='koshvani.up.nic.in', port=443): Read timed out. (read timeout=45)
2026-09-30 08:48:09.605 INFO  [worker_0] [03/24 2401001020129] STATUS UPDATE scheme=2401001020129 status=-1 attempts=9 remark="ReadTimeout: HTTPSConnectionPool(host='koshvani.up.nic.in', port=443): Read timed out. (read timeout=45)" [crawler_status.json 4886 bytes, 6 ms]
2026-09-30 08:48:09.606 WARNING [worker_0] [03/24 2401001020129] KEEPING last good data for agri-011-2401001020129 (from 2026-09-29T00:06:51+00:00); the failure is only recorded in crawler_status.json
2026-09-30 08:48:09.607 INFO  [worker_0] [03/24 2401001020129] FINAL STATUS: FAILED after 9 attempts
2026-09-30 08:48:09.607 WARNING [worker_0] [03/24 2401001020129] SCHEME DONE status=-1 attempts=9 elapsed=203.23s worker=worker_0
2026-09-30 08:48:09.607 INFO  [worker_0] [05/24 2401001030500] SCHEME START [cool-down round 2/2] संकर बीजों के उपयोग को बढ़ावा देने की योजना (Grant 011) (worker=worker_0)
2026-09-30 08:48:09.608 INFO  [worker_0] [05/24 2401001030500] Attempt 1/3 START
2026-09-30 08:48:09.631 INFO  [worker_0] [05/24 2401001030500] HTTP GET main page (KoshvaniStatic.aspx) START
2026-09-30 08:48:09.633 INFO  [MainThread] FILE WRITE index.json 14374 bytes 9 ms | overall=RUNNING successful=0 failed=24 unprocessed=0
2026-09-30 08:48:16.131 WARNING [worker_3] [02/24 2401001020103] HTTP GET main page (KoshvaniStatic.aspx) FAILED after 54.22s kind=timeout: ReadTimeout: HTTPSConnectionPool(host='koshvani.up.nic.in', port=443): Read timed out. (read timeout=45)
2026-09-30 08:48:16.134 WARNING [worker_3] [02/24 2401001020103] Attempt 3/3 failed after 54.27s kind=timeout: ReadTimeout: HTTPSConnectionPool(host='koshvani.up.nic.in', port=443): Read timed out. (read timeout=45)
2026-09-30 08:48:16.142 INFO  [worker_3] [02/24 2401001020103] STATUS UPDATE scheme=2401001020103 status=-1 attempts=9 remark="ReadTimeout: HTTPSConnectionPool(host='koshvani.up.nic.in', port=443): Read timed out. (read timeout=45)" [crawler_status.json 4886 bytes, 6 ms]
2026-09-30 08:48:16.144 WARNING [worker_3] [02/24 2401001020103] KEEPING last good data for agri-011-2401001020103 (from 2026-09-29T00:06:11+00:00); the failure is only recorded in crawler_status.json
2026-09-30 08:48:16.146 INFO  [worker_3] [02/24 2401001020103] FINAL STATUS: FAILED after 9 attempts
2026-09-30 08:48:16.146 WARNING [worker_3] [02/24 2401001020103] SCHEME DONE status=-1 attempts=9 elapsed=209.77s worker=worker_3
2026-09-30 08:48:16.147 INFO  [worker_3] [06/24 2401001030600] SCHEME START [cool-down round 2/2] उत्तर प्रदेश मिलेट्स पुनरोद्धार कार्यक्रम (Grant 011) (worker=worker_3)
2026-09-30 08:48:16.149 INFO  [worker_3] [06/24 2401001030600] Attempt 1/3 START
2026-09-30 08:48:16.162 INFO  [MainThread] FILE WRITE index.json 14374 bytes 4 ms | overall=RUNNING successful=0 failed=24 unprocessed=0
2026-09-30 08:48:16.178 INFO  [worker_3] [06/24 2401001030600] HTTP GET main page (KoshvaniStatic.aspx) START
2026-09-30 08:48:18.631 WARNING [worker_2] [01/24 2401000010500] HTTP GET main page (KoshvaniStatic.aspx) FAILED after 52.33s kind=timeout: ReadTimeout: HTTPSConnectionPool(host='koshvani.up.nic.in', port=443): Read timed out. (read timeout=45)
2026-09-30 08:48:18.632 WARNING [worker_2] [01/24 2401000010500] Attempt 3/3 failed after 52.38s kind=timeout: ReadTimeout: HTTPSConnectionPool(host='koshvani.up.nic.in', port=443): Read timed out. (read timeout=45)
2026-09-30 08:48:18.637 INFO  [worker_2] [01/24 2401000010500] STATUS UPDATE scheme=2401000010500 status=-1 attempts=9 remark="ReadTimeout: HTTPSConnectionPool(host='koshvani.up.nic.in', port=443): Read timed out. (read timeout=45)" [crawler_status.json 4886 bytes, 4 ms]
2026-09-30 08:48:18.640 WARNING [worker_2] [01/24 2401000010500] KEEPING last good data for agri-011-2401000010500 (from 2026-09-29T00:10:12+00:00); the failure is only recorded in crawler_status.json
2026-09-30 08:48:18.641 INFO  [worker_2] [01/24 2401000010500] FINAL STATUS: FAILED after 9 attempts
2026-09-30 08:48:18.642 WARNING [worker_2] [01/24 2401000010500] SCHEME DONE status=-1 attempts=9 elapsed=212.27s worker=worker_2
2026-09-30 08:48:18.642 INFO  [worker_2] [07/24 2401001070300] SCHEME START [cool-down round 2/2] पौध संरक्षण सेवा तथा कृषि रक्षा सेवा (Grant 011) (worker=worker_2)
2026-09-30 08:48:18.643 INFO  [worker_2] [07/24 2401001070300] Start stagger: waiting 2.8s so workers do not hit the portal together
2026-09-30 08:48:18.654 INFO  [MainThread] FILE WRITE index.json 14374 bytes 3 ms | overall=RUNNING successful=0 failed=24 unprocessed=0
2026-09-30 08:48:21.460 INFO  [worker_2] [07/24 2401001070300] Attempt 1/3 START
2026-09-30 08:48:21.491 INFO  [worker_2] [07/24 2401001070300] HTTP GET main page (KoshvaniStatic.aspx) START
2026-09-30 08:48:40.233 WARNING [worker_1] [04/24 2401001030300] HTTP GET main page (KoshvaniStatic.aspx) FAILED after 63.76s kind=timeout: ReadTimeout: HTTPSConnectionPool(host='koshvani.up.nic.in', port=443): Read timed out. (read timeout=45)
2026-09-30 08:48:40.236 WARNING [worker_1] [04/24 2401001030300] Attempt 3/3 failed after 64.00s kind=timeout: ReadTimeout: HTTPSConnectionPool(host='koshvani.up.nic.in', port=443): Read timed out. (read timeout=45)
2026-09-30 08:48:40.250 INFO  [worker_1] [04/24 2401001030300] STATUS UPDATE scheme=2401001030300 status=-1 attempts=9 remark="ReadTimeout: HTTPSConnectionPool(host='koshvani.up.nic.in', port=443): Read timed out. (read timeout=45)" [crawler_status.json 4886 bytes, 11 ms]
2026-09-30 08:48:40.252 WARNING [worker_1] [04/24 2401001030300] KEEPING last good data for agri-011-2401001030300 (from 2026-09-29T00:10:11+00:00); the failure is only recorded in crawler_status.json
2026-09-30 08:48:40.253 INFO  [worker_1] [04/24 2401001030300] FINAL STATUS: FAILED after 9 attempts
2026-09-30 08:48:40.254 WARNING [worker_1] [04/24 2401001030300] SCHEME DONE status=-1 attempts=9 elapsed=233.87s worker=worker_1
2026-09-30 08:48:40.254 INFO  [worker_1] [08/24 2401001070400] SCHEME START [cool-down round 2/2] विभिन्न परिस्थितिकी संसाधनों द्वारा कीट / रोग नियंत्रण (Grant 011) (worker=worker_1)
2026-09-30 08:48:40.256 INFO  [worker_1] [08/24 2401001070400] Attempt 1/3 START
2026-09-30 08:48:40.269 INFO  [MainThread] FILE WRITE index.json 14374 bytes 3 ms | overall=RUNNING successful=0 failed=24 unprocessed=0
2026-09-30 08:48:40.286 INFO  [worker_1] [08/24 2401001070400] HTTP GET main page (KoshvaniStatic.aspx) START
2026-09-30 08:48:54.964 WARNING [worker_0] [05/24 2401001030500] HTTP GET main page (KoshvaniStatic.aspx) FAILED after 45.33s kind=timeout: ReadTimeout: HTTPSConnectionPool(host='koshvani.up.nic.in', port=443): Read timed out. (read timeout=45)
2026-09-30 08:48:54.965 WARNING [worker_0] [05/24 2401001030500] Attempt 1/3 failed after 45.36s kind=timeout: ReadTimeout: HTTPSConnectionPool(host='koshvani.up.nic.in', port=443): Read timed out. (read timeout=45)
2026-09-30 08:48:54.974 INFO  [worker_0] [05/24 2401001030500] STATUS UPDATE scheme=2401001030500 status=-1 attempts=7 remark="ReadTimeout: HTTPSConnectionPool(host='koshvani.up.nic.in', port=443): Read timed out. (read timeout=45)" [crawler_status.json 4886 bytes, 8 ms]
2026-09-30 08:48:54.975 INFO  [worker_0] [05/24 2401001030500] Waiting 6.7 seconds before retry...
2026-09-30 08:49:01.520 WARNING [worker_3] [06/24 2401001030600] HTTP GET main page (KoshvaniStatic.aspx) FAILED after 45.34s kind=timeout: ReadTimeout: HTTPSConnectionPool(host='koshvani.up.nic.in', port=443): Read timed out. (read timeout=45)
2026-09-30 08:49:01.520 WARNING [worker_3] [06/24 2401001030600] Attempt 1/3 failed after 45.37s kind=timeout: ReadTimeout: HTTPSConnectionPool(host='koshvani.up.nic.in', port=443): Read timed out. (read timeout=45)
2026-09-30 08:49:01.529 INFO  [worker_3] [06/24 2401001030600] STATUS UPDATE scheme=2401001030600 status=-1 attempts=7 remark="ReadTimeout: HTTPSConnectionPool(host='koshvani.up.nic.in', port=443): Read timed out. (read timeout=45)" [crawler_status.json 4886 bytes, 8 ms]
2026-09-30 08:49:01.530 INFO  [worker_3] [06/24 2401001030600] Waiting 7.7 seconds before retry...
2026-09-30 08:49:01.676 INFO  [worker_0] [05/24 2401001030500] Attempt 2/3 START
2026-09-30 08:49:01.700 INFO  [worker_0] [05/24 2401001030500] HTTP GET main page (KoshvaniStatic.aspx) START
2026-09-30 08:49:06.910 WARNING [worker_2] [07/24 2401001070300] HTTP GET main page (KoshvaniStatic.aspx) FAILED after 45.42s kind=timeout: ReadTimeout: HTTPSConnectionPool(host='koshvani.up.nic.in', port=443): Read timed out. (read timeout=45)
2026-09-30 08:49:06.911 WARNING [worker_2] [07/24 2401001070300] Attempt 1/3 failed after 45.45s kind=timeout: ReadTimeout: HTTPSConnectionPool(host='koshvani.up.nic.in', port=443): Read timed out. (read timeout=45)
2026-09-30 08:49:06.919 INFO  [worker_2] [07/24 2401001070300] STATUS UPDATE scheme=2401001070300 status=-1 attempts=7 remark="ReadTimeout: HTTPSConnectionPool(host='koshvani.up.nic.in', port=443): Read timed out. (read timeout=45)" [crawler_status.json 4886 bytes, 7 ms]
2026-09-30 08:49:06.919 INFO  [worker_2] [07/24 2401001070300] Waiting 11.7 seconds before retry...
2026-09-30 08:49:09.231 INFO  [worker_3] [06/24 2401001030600] Attempt 2/3 START
2026-09-30 08:49:09.262 INFO  [worker_3] [06/24 2401001030600] HTTP GET main page (KoshvaniStatic.aspx) START
2026-09-30 08:49:18.621 INFO  [worker_2] [07/24 2401001070300] Attempt 2/3 START
2026-09-30 08:49:18.650 INFO  [worker_2] [07/24 2401001070300] HTTP GET main page (KoshvaniStatic.aspx) START
2026-09-30 08:49:25.650 WARNING [worker_1] [08/24 2401001070400] HTTP GET main page (KoshvaniStatic.aspx) FAILED after 45.36s kind=timeout: ReadTimeout: HTTPSConnectionPool(host='koshvani.up.nic.in', port=443): Read timed out. (read timeout=45)
2026-09-30 08:49:25.651 WARNING [worker_1] [08/24 2401001070400] Attempt 1/3 failed after 45.39s kind=timeout: ReadTimeout: HTTPSConnectionPool(host='koshvani.up.nic.in', port=443): Read timed out. (read timeout=45)
2026-09-30 08:49:25.659 INFO  [worker_1] [08/24 2401001070400] STATUS UPDATE scheme=2401001070400 status=-1 attempts=7 remark="ReadTimeout: HTTPSConnectionPool(host='koshvani.up.nic.in', port=443): Read timed out. (read timeout=45)" [crawler_status.json 4886 bytes, 8 ms]
2026-09-30 08:49:25.660 INFO  [worker_1] [08/24 2401001070400] Waiting 10.4 seconds before retry...
2026-09-30 08:49:36.061 INFO  [worker_1] [08/24 2401001070400] Attempt 2/3 START
2026-09-30 08:49:36.091 INFO  [worker_1] [08/24 2401001070400] HTTP GET main page (KoshvaniStatic.aspx) START
2026-09-30 08:49:47.074 WARNING [worker_0] [05/24 2401001030500] HTTP GET main page (KoshvaniStatic.aspx) FAILED after 45.37s kind=timeout: ReadTimeout: HTTPSConnectionPool(host='koshvani.up.nic.in', port=443): Read timed out. (read timeout=45)
2026-09-30 08:49:47.075 WARNING [worker_0] [05/24 2401001030500] Attempt 2/3 failed after 45.40s kind=timeout: ReadTimeout: HTTPSConnectionPool(host='koshvani.up.nic.in', port=443): Read timed out. (read timeout=45)
2026-09-30 08:49:47.083 INFO  [worker_0] [05/24 2401001030500] STATUS UPDATE scheme=2401001030500 status=-1 attempts=8 remark="ReadTimeout: HTTPSConnectionPool(host='koshvani.up.nic.in', port=443): Read timed out. (read timeout=45)" [crawler_status.json 4886 bytes, 8 ms]
2026-09-30 08:49:47.084 INFO  [worker_0] [05/24 2401001030500] Waiting 21.6 seconds before retry...
2026-09-30 08:49:54.606 WARNING [worker_3] [06/24 2401001030600] HTTP GET main page (KoshvaniStatic.aspx) FAILED after 45.34s kind=timeout: ReadTimeout: HTTPSConnectionPool(host='koshvani.up.nic.in', port=443): Read timed out. (read timeout=45)
2026-09-30 08:49:54.606 WARNING [worker_3] [06/24 2401001030600] Attempt 2/3 failed after 45.37s kind=timeout: ReadTimeout: HTTPSConnectionPool(host='koshvani.up.nic.in', port=443): Read timed out. (read timeout=45)
2026-09-30 08:49:54.615 INFO  [worker_3] [06/24 2401001030600] STATUS UPDATE scheme=2401001030600 status=-1 attempts=8 remark="ReadTimeout: HTTPSConnectionPool(host='koshvani.up.nic.in', port=443): Read timed out. (read timeout=45)" [crawler_status.json 4886 bytes, 8 ms]
2026-09-30 08:49:54.615 INFO  [worker_3] [06/24 2401001030600] Waiting 18.6 seconds before retry...
2026-09-30 08:50:04.044 WARNING [worker_2] [07/24 2401001070300] HTTP GET main page (KoshvaniStatic.aspx) FAILED after 45.39s kind=timeout: ReadTimeout: HTTPSConnectionPool(host='koshvani.up.nic.in', port=443): Read timed out. (read timeout=45)
2026-09-30 08:50:04.045 WARNING [worker_2] [07/24 2401001070300] Attempt 2/3 failed after 45.42s kind=timeout: ReadTimeout: HTTPSConnectionPool(host='koshvani.up.nic.in', port=443): Read timed out. (read timeout=45)
2026-09-30 08:50:04.053 INFO  [worker_2] [07/24 2401001070300] STATUS UPDATE scheme=2401001070300 status=-1 attempts=8 remark="ReadTimeout: HTTPSConnectionPool(host='koshvani.up.nic.in', port=443): Read timed out. (read timeout=45)" [crawler_status.json 4886 bytes, 8 ms]
2026-09-30 08:50:04.054 INFO  [worker_2] [07/24 2401001070300] Waiting 21.1 seconds before retry...
2026-09-30 08:50:08.685 INFO  [worker_0] [05/24 2401001030500] Attempt 3/3 START
2026-09-30 08:50:08.714 INFO  [worker_0] [05/24 2401001030500] HTTP GET main page (KoshvaniStatic.aspx) START
2026-09-30 08:50:13.217 INFO  [worker_3] [06/24 2401001030600] Attempt 3/3 START
2026-09-30 08:50:13.240 INFO  [worker_3] [06/24 2401001030600] HTTP GET main page (KoshvaniStatic.aspx) START
2026-09-30 08:50:21.696 WARNING [worker_1] [08/24 2401001070400] HTTP GET main page (KoshvaniStatic.aspx) FAILED after 45.60s kind=timeout: ReadTimeout: HTTPSConnectionPool(host='koshvani.up.nic.in', port=443): Read timed out. (read timeout=45)
2026-09-30 08:50:21.697 WARNING [worker_1] [08/24 2401001070400] Attempt 2/3 failed after 45.63s kind=timeout: ReadTimeout: HTTPSConnectionPool(host='koshvani.up.nic.in', port=443): Read timed out. (read timeout=45)
2026-09-30 08:50:21.705 INFO  [worker_1] [08/24 2401001070400] STATUS UPDATE scheme=2401001070400 status=-1 attempts=8 remark="ReadTimeout: HTTPSConnectionPool(host='koshvani.up.nic.in', port=443): Read timed out. (read timeout=45)" [crawler_status.json 4886 bytes, 8 ms]
2026-09-30 08:50:21.706 INFO  [worker_1] [08/24 2401001070400] Waiting 26.2 seconds before retry...
2026-09-30 08:50:25.155 INFO  [worker_2] [07/24 2401001070300] Attempt 3/3 START
2026-09-30 08:50:25.179 INFO  [worker_2] [07/24 2401001070300] HTTP GET main page (KoshvaniStatic.aspx) START
2026-09-30 08:50:47.907 INFO  [worker_1] [08/24 2401001070400] Attempt 3/3 START
2026-09-30 08:50:47.931 INFO  [worker_1] [08/24 2401001070400] HTTP GET main page (KoshvaniStatic.aspx) START
2026-09-30 08:50:54.098 WARNING [worker_0] [05/24 2401001030500] HTTP GET main page (KoshvaniStatic.aspx) FAILED after 45.38s kind=timeout: ReadTimeout: HTTPSConnectionPool(host='koshvani.up.nic.in', port=443): Read timed out. (read timeout=45)
2026-09-30 08:50:54.099 WARNING [worker_0] [05/24 2401001030500] Attempt 3/3 failed after 45.41s kind=timeout: ReadTimeout: HTTPSConnectionPool(host='koshvani.up.nic.in', port=443): Read timed out. (read timeout=45)
2026-09-30 08:50:54.108 INFO  [worker_0] [05/24 2401001030500] STATUS UPDATE scheme=2401001030500 status=-1 attempts=9 remark="ReadTimeout: HTTPSConnectionPool(host='koshvani.up.nic.in', port=443): Read timed out. (read timeout=45)" [crawler_status.json 4886 bytes, 8 ms]
2026-09-30 08:50:54.109 WARNING [worker_0] [05/24 2401001030500] KEEPING last good data for agri-011-2401001030500 (from 2026-09-29T00:10:19+00:00); the failure is only recorded in crawler_status.json
2026-09-30 08:50:54.109 INFO  [worker_0] [05/24 2401001030500] FINAL STATUS: FAILED after 9 attempts
2026-09-30 08:50:54.109 WARNING [worker_0] [05/24 2401001030500] SCHEME DONE status=-1 attempts=9 elapsed=164.50s worker=worker_0
2026-09-30 08:50:54.110 INFO  [worker_0] [09/24 2401001090103] SCHEME START [cool-down round 2/2] नेशनल मिशन ऑन एग्रीकल्चर एक्सटेंशन एण्ड टेक्नोलाजी (एन.एम.ए.ई.टी.) के अर्न्तगत सबमिशन ऑन एग्रीकल्चर एक्स्टेंशन (के.60/रा.40-के.+ रा.) (Grant 011) (worker=worker_0)
2026-09-30 08:50:54.110 INFO  [worker_0] [09/24 2401001090103] Attempt 1/3 START
2026-09-30 08:50:54.121 INFO  [MainThread] FILE WRITE index.json 14374 bytes 3 ms | overall=RUNNING successful=0 failed=24 unprocessed=0
2026-09-30 08:50:54.134 INFO  [worker_0] [09/24 2401001090103] HTTP GET main page (KoshvaniStatic.aspx) START
2026-09-30 08:50:58.614 WARNING [worker_3] [06/24 2401001030600] HTTP GET main page (KoshvaniStatic.aspx) FAILED after 45.37s kind=timeout: ReadTimeout: HTTPSConnectionPool(host='koshvani.up.nic.in', port=443): Read timed out. (read timeout=45)
2026-09-30 08:50:58.615 WARNING [worker_3] [06/24 2401001030600] Attempt 3/3 failed after 45.40s kind=timeout: ReadTimeout: HTTPSConnectionPool(host='koshvani.up.nic.in', port=443): Read timed out. (read timeout=45)
2026-09-30 08:50:58.623 INFO  [worker_3] [06/24 2401001030600] STATUS UPDATE scheme=2401001030600 status=-1 attempts=9 remark="ReadTimeout: HTTPSConnectionPool(host='koshvani.up.nic.in', port=443): Read timed out. (read timeout=45)" [crawler_status.json 4886 bytes, 8 ms]
2026-09-30 08:50:58.624 WARNING [worker_3] [06/24 2401001030600] KEEPING last good data for agri-011-2401001030600 (from 2026-09-29T00:10:23+00:00); the failure is only recorded in crawler_status.json
2026-09-30 08:50:58.625 INFO  [worker_3] [06/24 2401001030600] FINAL STATUS: FAILED after 9 attempts
2026-09-30 08:50:58.625 WARNING [worker_3] [06/24 2401001030600] SCHEME DONE status=-1 attempts=9 elapsed=162.48s worker=worker_3
2026-09-30 08:50:58.625 INFO  [worker_3] [10/24 2401001090104] SCHEME START [cool-down round 2/2] नेशनल मिशन ऑन एग्रीकल्चर एक्सटेंशन एण्ड टेक्नोलाजी (एन.एम.ए.ई.टी.) के अर्न्तगत सबमिशन आफ एग्रीकल्चर मेकेनाइजेशन (के.60/रा.40-के.+ रा.) (Grant 011) (worker=worker_3)
2026-09-30 08:50:58.626 INFO  [worker_3] [10/24 2401001090104] Start stagger: waiting 1.0s so workers do not hit the portal together
2026-09-30 08:50:58.637 INFO  [MainThread] FILE WRITE index.json 14374 bytes 3 ms | overall=RUNNING successful=0 failed=24 unprocessed=0
2026-09-30 08:50:59.581 INFO  [worker_3] [10/24 2401001090104] Attempt 1/3 START
2026-09-30 08:50:59.605 INFO  [worker_3] [10/24 2401001090104] HTTP GET main page (KoshvaniStatic.aspx) START
2026-09-30 08:51:12.458 WARNING [worker_2] [07/24 2401001070300] HTTP GET main page (KoshvaniStatic.aspx) FAILED after 46.24s kind=timeout: ReadTimeout: HTTPSConnectionPool(host='koshvani.up.nic.in', port=443): Read timed out. (read timeout=45)
2026-09-30 08:51:12.459 WARNING [worker_2] [07/24 2401001070300] Attempt 3/3 failed after 46.26s kind=timeout: ReadTimeout: HTTPSConnectionPool(host='koshvani.up.nic.in', port=443): Read timed out. (read timeout=45)
2026-09-30 08:51:12.467 INFO  [worker_2] [07/24 2401001070300] STATUS UPDATE scheme=2401001070300 status=-1 attempts=9 remark="ReadTimeout: HTTPSConnectionPool(host='koshvani.up.nic.in', port=443): Read timed out. (read timeout=45)" [crawler_status.json 4886 bytes, 8 ms]
2026-09-30 08:51:12.469 WARNING [worker_2] [07/24 2401001070300] KEEPING last good data for agri-011-2401001070300 (from 2026-09-29T00:26:51+00:00); the failure is only recorded in crawler_status.json
2026-09-30 08:51:12.469 INFO  [worker_2] [07/24 2401001070300] FINAL STATUS: FAILED after 9 attempts
2026-09-30 08:51:12.469 WARNING [worker_2] [07/24 2401001070300] SCHEME DONE status=-1 attempts=9 elapsed=172.79s worker=worker_2
2026-09-30 08:51:12.470 INFO  [worker_2] [11/24 2401001090105] SCHEME START [cool-down round 2/2] नेशनल मिशन ऑन एग्रीकल्चर एक्सटेंशन एण्ड टेक्नोलाजी (एन.एम.ए.ई.टी.) के अर्न्तगत नेशनल ई-गर्वनेन्स प्रोग्राम (के.60/रा.40-के.+ रा.) (Grant 011) (worker=worker_2)
2026-09-30 08:51:12.471 INFO  [worker_2] [11/24 2401001090105] Attempt 1/3 START
2026-09-30 08:51:12.481 INFO  [MainThread] FILE WRITE index.json 14374 bytes 3 ms | overall=RUNNING successful=0 failed=24 unprocessed=0
2026-09-30 08:51:12.494 INFO  [worker_2] [11/24 2401001090105] HTTP GET main page (KoshvaniStatic.aspx) START
2026-09-30 08:52:20.796 WARNING [worker_1] [08/24 2401001070400] HTTP GET main page (KoshvaniStatic.aspx) FAILED after 52.68s kind=timeout: ReadTimeout: HTTPSConnectionPool(host='koshvani.up.nic.in', port=443): Read timed out. (read timeout=45)
2026-09-30 08:52:20.799 WARNING [worker_1] [08/24 2401001070400] Attempt 3/3 failed after 52.70s kind=timeout: ReadTimeout: HTTPSConnectionPool(host='koshvani.up.nic.in', port=443): Read timed out. (read timeout=45)
2026-09-30 08:52:20.886 INFO  [worker_1] [08/24 2401001070400] STATUS UPDATE scheme=2401001070400 status=-1 attempts=9 remark="ReadTimeout: HTTPSConnectionPool(host='koshvani.up.nic.in', port=443): Read timed out. (read timeout=45)" [crawler_status.json 4886 bytes, 84 ms]
2026-09-30 08:52:20.889 WARNING [worker_1] [08/24 2401001070400] KEEPING last good data for agri-011-2401001070400 (from 2026-09-29T00:21:46+00:00); the failure is only recorded in crawler_status.json
2026-09-30 08:52:20.890 INFO  [worker_1] [08/24 2401001070400] FINAL STATUS: FAILED after 9 attempts
2026-09-30 08:52:20.891 WARNING [worker_1] [08/24 2401001070400] SCHEME DONE status=-1 attempts=9 elapsed=180.45s worker=worker_1
2026-09-30 08:52:20.893 INFO  [worker_1] [12/24 2401001090300] SCHEME START [cool-down round 2/2] कृषि प्रसार प्रायोजना तथा प्रदर्शनियां (Grant 011) (worker=worker_1)
2026-09-30 08:52:20.894 INFO  [worker_1] [12/24 2401001090300] Attempt 1/3 START
2026-09-30 08:52:20.910 INFO  [MainThread] FILE WRITE index.json 14374 bytes 6 ms | overall=RUNNING successful=0 failed=24 unprocessed=0
2026-09-30 08:52:20.925 INFO  [worker_1] [12/24 2401001090300] HTTP GET main page (KoshvaniStatic.aspx) START
2026-09-30 08:52:59.060 WARNING [worker_0] [09/24 2401001090103] HTTP GET main page (KoshvaniStatic.aspx) FAILED after 55.15s kind=timeout: ReadTimeout: HTTPSConnectionPool(host='koshvani.up.nic.in', port=443): Read timed out. (read timeout=45)
2026-09-30 08:52:59.063 WARNING [worker_0] [09/24 2401001090103] Attempt 1/3 failed after 55.18s kind=timeout: ReadTimeout: HTTPSConnectionPool(host='koshvani.up.nic.in', port=443): Read timed out. (read timeout=45)
2026-09-30 08:52:59.077 INFO  [worker_0] [09/24 2401001090103] STATUS UPDATE scheme=2401001090103 status=-1 attempts=7 remark="ReadTimeout: HTTPSConnectionPool(host='koshvani.up.nic.in', port=443): Read timed out. (read timeout=45)" [crawler_status.json 4886 bytes, 11 ms]
2026-09-30 08:52:59.079 INFO  [worker_0] [09/24 2401001090103] Waiting 14.2 seconds before retry...
2026-09-30 08:53:45.888 WARNING [worker_3] [10/24 2401001090104] HTTP GET main page (KoshvaniStatic.aspx) FAILED after 56.58s kind=timeout: ReadTimeout: HTTPSConnectionPool(host='koshvani.up.nic.in', port=443): Read timed out. (read timeout=45)
2026-09-30 08:53:45.893 WARNING [worker_3] [10/24 2401001090104] Attempt 1/3 failed after 56.61s kind=timeout: ReadTimeout: HTTPSConnectionPool(host='koshvani.up.nic.in', port=443): Read timed out. (read timeout=45)
2026-09-30 08:53:45.978 INFO  [worker_3] [10/24 2401001090104] STATUS UPDATE scheme=2401001090104 status=-1 attempts=7 remark="ReadTimeout: HTTPSConnectionPool(host='koshvani.up.nic.in', port=443): Read timed out. (read timeout=45)" [crawler_status.json 4886 bytes, 82 ms]
2026-09-30 08:53:45.980 INFO  [worker_3] [10/24 2401001090104] Waiting 10 seconds before retry...
2026-09-30 08:54:03.286 INFO  [worker_0] [09/24 2401001090103] Attempt 2/3 START
2026-09-30 08:54:03.329 INFO  [worker_0] [09/24 2401001090103] HTTP GET main page (KoshvaniStatic.aspx) START
2026-09-30 08:54:11.158 INFO  [worker_3] [10/24 2401001090104] Start stagger: waiting 3.0s so workers do not hit the portal together
2026-09-30 08:54:38.868 INFO  [worker_3] [10/24 2401001090104] Attempt 2/3 START
2026-09-30 08:54:38.909 INFO  [worker_3] [10/24 2401001090104] HTTP GET main page (KoshvaniStatic.aspx) START
2026-09-30 08:54:39.395 WARNING [worker_2] [11/24 2401001090105] HTTP GET main page (KoshvaniStatic.aspx) FAILED after 58.39s kind=timeout: ReadTimeout: HTTPSConnectionPool(host='koshvani.up.nic.in', port=443): Read timed out. (read timeout=45)
2026-09-30 08:54:39.399 WARNING [worker_2] [11/24 2401001090105] Attempt 1/3 failed after 58.41s kind=timeout: ReadTimeout: HTTPSConnectionPool(host='koshvani.up.nic.in', port=443): Read timed out. (read timeout=45)
2026-09-30 08:54:39.412 INFO  [worker_2] [11/24 2401001090105] STATUS UPDATE scheme=2401001090105 status=-1 attempts=7 remark="ReadTimeout: HTTPSConnectionPool(host='koshvani.up.nic.in', port=443): Read timed out. (read timeout=45)" [crawler_status.json 4886 bytes, 10 ms]
2026-09-30 08:54:39.414 INFO  [worker_2] [11/24 2401001090105] Waiting 8.3 seconds before retry...
2026-09-30 08:55:23.077 INFO  [worker_2] [11/24 2401001090105] Attempt 2/3 START
2026-09-30 08:55:23.115 INFO  [worker_2] [11/24 2401001090105] HTTP GET main page (KoshvaniStatic.aspx) START
2026-09-30 08:56:53.358 WARNING [worker_1] [12/24 2401001090300] HTTP GET main page (KoshvaniStatic.aspx) FAILED after 58.60s kind=timeout: ReadTimeout: HTTPSConnectionPool(host='koshvani.up.nic.in', port=443): Read timed out. (read timeout=45)
2026-09-30 08:56:53.363 WARNING [worker_1] [12/24 2401001090300] Attempt 1/3 failed after 58.63s kind=timeout: ReadTimeout: HTTPSConnectionPool(host='koshvani.up.nic.in', port=443): Read timed out. (read timeout=45)
2026-09-30 08:56:53.372 INFO  [worker_1] [12/24 2401001090300] STATUS UPDATE scheme=2401001090300 status=-1 attempts=7 remark="ReadTimeout: HTTPSConnectionPool(host='koshvani.up.nic.in', port=443): Read timed out. (read timeout=45)" [crawler_status.json 4886 bytes, 6 ms]
2026-09-30 08:56:53.374 INFO  [worker_1] [12/24 2401001090300] Waiting 12.5 seconds before retry...
2026-09-30 08:58:36.825 INFO  [worker_1] [12/24 2401001090300] Attempt 2/3 START
2026-09-30 08:58:36.862 INFO  [worker_1] [12/24 2401001090300] HTTP GET main page (KoshvaniStatic.aspx) START
2026-09-30 08:59:05.173 WARNING [worker_0] [09/24 2401001090103] HTTP GET main page (KoshvaniStatic.aspx) FAILED after 51.90s kind=connection-reset: ConnectionError: ('Connection aborted.', ConnectionResetError(104, 'Connection reset by peer'))
2026-09-30 08:59:05.175 WARNING [worker_0] [09/24 2401001090103] Attempt 2/3 failed after 51.95s kind=connection-reset: ConnectionError: ('Connection aborted.', ConnectionResetError(104, 'Connection reset by peer'))
2026-09-30 08:59:05.266 INFO  [worker_0] [09/24 2401001090103] STATUS UPDATE scheme=2401001090103 status=-1 attempts=8 remark="ConnectionError: ('Connection aborted.', ConnectionResetError(104, 'Connection reset by peer'))" [crawler_status.json 4877 bytes, 89 ms]
2026-09-30 08:59:05.268 INFO  [worker_0] [09/24 2401001090103] Waiting 25.8 seconds before retry...
2026-09-30 08:59:40.318 INFO  [worker_3] [10/24 2401001090104] HTTP GET main page (KoshvaniStatic.aspx) END status=200 bytes=820 elapsed=56.05s redirects=1 final=ClearSession.aspx
2026-09-30 08:59:40.318 WARNING [worker_3] [10/24 2401001090104] PORTAL BOUNCE at main page: all workers will hold for up to 67s
2026-09-30 08:59:40.321 WARNING [worker_3] [10/24 2401001090104] Attempt 2/3 failed after 56.09s kind=missing-link: MissingLinkError: Could not find 'Grant-wise expenditure' link on main page
2026-09-30 08:59:40.406 INFO  [worker_3] [10/24 2401001090104] STATUS UPDATE scheme=2401001090104 status=-1 attempts=8 remark="MissingLinkError: Could not find 'Grant-wise expenditure' link on main page" [crawler_status.json 4848 bytes, 84 ms]
2026-09-30 08:59:40.412 INFO  [worker_3] [10/24 2401001090104] Waiting 24.9 seconds before retry...
2026-09-30 09:00:08.990 WARNING [worker_2] [11/24 2401001090105] HTTP GET main page (KoshvaniStatic.aspx) FAILED after 58.76s kind=timeout: ReadTimeout: HTTPSConnectionPool(host='koshvani.up.nic.in', port=443): Read timed out. (read timeout=45)
2026-09-30 09:00:08.995 WARNING [worker_2] [11/24 2401001090105] Attempt 2/3 failed after 58.80s kind=timeout: ReadTimeout: HTTPSConnectionPool(host='koshvani.up.nic.in', port=443): Read timed out. (read timeout=45)
2026-09-30 09:00:09.005 INFO  [worker_2] [11/24 2401001090105] STATUS UPDATE scheme=2401001090105 status=-1 attempts=8 remark="ReadTimeout: HTTPSConnectionPool(host='koshvani.up.nic.in', port=443): Read timed out. (read timeout=45)" [crawler_status.json 4848 bytes, 7 ms]
2026-09-30 09:00:09.006 INFO  [worker_2] [11/24 2401001090105] Waiting 16.4 seconds before retry...
2026-09-30 09:00:31.069 WARNING [worker_0] [09/24 2401001090103] Portal hold: the portal is bouncing sessions, waiting 51s with the other workers
2026-09-30 09:01:07.511 WARNING [worker_3] [10/24 2401001090104] Portal hold: the portal is bouncing sessions, waiting 42s with the other workers
2026-09-30 09:01:41.377 INFO  [worker_2] [11/24 2401001090105] Start stagger: waiting 2.2s so workers do not hit the portal together
2026-09-30 09:01:59.301 WARNING [worker_2] [11/24 2401001090105] Portal hold: the portal is bouncing sessions, waiting 37s with the other workers
2026-09-30 09:02:32.299 WARNING [worker_1] [12/24 2401001090300] HTTP GET main page (KoshvaniStatic.aspx) FAILED after 57.43s kind=timeout: ReadTimeout: HTTPSConnectionPool(host='koshvani.up.nic.in', port=443): Read timed out. (read timeout=45)
2026-09-30 09:02:32.302 WARNING [worker_1] [12/24 2401001090300] Attempt 2/3 failed after 57.47s kind=timeout: ReadTimeout: HTTPSConnectionPool(host='koshvani.up.nic.in', port=443): Read timed out. (read timeout=45)
2026-09-30 09:02:32.315 INFO  [worker_1] [12/24 2401001090300] STATUS UPDATE scheme=2401001090300 status=-1 attempts=8 remark="ReadTimeout: HTTPSConnectionPool(host='koshvani.up.nic.in', port=443): Read timed out. (read timeout=45)" [crawler_status.json 4848 bytes, 10 ms]
2026-09-30 09:02:32.317 INFO  [worker_1] [12/24 2401001090300] Waiting 20.5 seconds before retry...
2026-09-30 09:04:07.667 WARNING [worker_1] [12/24 2401001090300] Portal hold: the portal is bouncing sessions, waiting 2s with the other workers
2026-09-30 09:04:14.318 INFO  [worker_1] [12/24 2401001090300] Attempt 3/3 START
2026-09-30 09:04:14.319 INFO  [worker_3] [10/24 2401001090104] Attempt 3/3 START
2026-09-30 09:04:14.320 INFO  [worker_2] [11/24 2401001090105] Attempt 3/3 START
2026-09-30 09:04:14.320 INFO  [worker_0] [09/24 2401001090103] Attempt 3/3 START
2026-09-30 09:04:14.360 INFO  [worker_3] [10/24 2401001090104] HTTP GET main page (KoshvaniStatic.aspx) START
2026-09-30 09:04:14.363 INFO  [worker_1] [12/24 2401001090300] HTTP GET main page (KoshvaniStatic.aspx) START
2026-09-30 09:04:14.368 INFO  [worker_2] [11/24 2401001090105] HTTP GET main page (KoshvaniStatic.aspx) START
2026-09-30 09:04:14.372 INFO  [worker_0] [09/24 2401001090103] HTTP GET main page (KoshvaniStatic.aspx) START
2026-09-30 09:06:26.022 WARNING [worker_3] [10/24 2401001090104] HTTP GET main page (KoshvaniStatic.aspx) FAILED after 54.34s kind=timeout: ReadTimeout: HTTPSConnectionPool(host='koshvani.up.nic.in', port=443): Read timed out. (read timeout=45)
2026-09-30 09:06:26.025 WARNING [worker_3] [10/24 2401001090104] Attempt 3/3 failed after 54.38s kind=timeout: ReadTimeout: HTTPSConnectionPool(host='koshvani.up.nic.in', port=443): Read timed out. (read timeout=45)
2026-09-30 09:06:26.030 WARNING [worker_2] [11/24 2401001090105] HTTP GET main page (KoshvaniStatic.aspx) FAILED after 54.34s kind=timeout: ReadTimeout: HTTPSConnectionPool(host='koshvani.up.nic.in', port=443): Read timed out. (read timeout=45)
2026-09-30 09:06:26.032 WARNING [worker_2] [11/24 2401001090105] Attempt 3/3 failed after 54.39s kind=timeout: ReadTimeout: HTTPSConnectionPool(host='koshvani.up.nic.in', port=443): Read timed out. (read timeout=45)
2026-09-30 09:06:26.076 WARNING [worker_0] [09/24 2401001090103] HTTP GET main page (KoshvaniStatic.aspx) FAILED after 54.38s kind=timeout: ReadTimeout: HTTPSConnectionPool(host='koshvani.up.nic.in', port=443): Read timed out. (read timeout=45)
2026-09-30 09:06:26.080 WARNING [worker_0] [09/24 2401001090103] Attempt 3/3 failed after 54.43s kind=timeout: ReadTimeout: HTTPSConnectionPool(host='koshvani.up.nic.in', port=443): Read timed out. (read timeout=45)
2026-09-30 09:06:26.079 WARNING [worker_1] [12/24 2401001090300] HTTP GET main page (KoshvaniStatic.aspx) FAILED after 54.39s kind=timeout: ReadTimeout: HTTPSConnectionPool(host='koshvani.up.nic.in', port=443): Read timed out. (read timeout=45)
2026-09-30 09:06:26.085 WARNING [worker_1] [12/24 2401001090300] Attempt 3/3 failed after 54.44s kind=timeout: ReadTimeout: HTTPSConnectionPool(host='koshvani.up.nic.in', port=443): Read timed out. (read timeout=45)
2026-09-30 09:06:26.099 INFO  [worker_3] [10/24 2401001090104] STATUS UPDATE scheme=2401001090104 status=-1 attempts=9 remark="ReadTimeout: HTTPSConnectionPool(host='koshvani.up.nic.in', port=443): Read timed out. (read timeout=45)" [crawler_status.json 4877 bytes, 71 ms]
2026-09-30 09:06:26.104 WARNING [worker_3] [10/24 2401001090104] KEEPING last good data for agri-011-2401001090104 (from 2026-09-29T02:01:16+00:00); the failure is only recorded in crawler_status.json
2026-09-30 09:06:26.105 INFO  [worker_3] [10/24 2401001090104] FINAL STATUS: FAILED after 9 attempts
2026-09-30 09:06:26.106 WARNING [worker_3] [10/24 2401001090104] SCHEME DONE status=-1 attempts=9 elapsed=248.30s worker=worker_3
2026-09-30 09:06:26.107 INFO  [worker_3] [13/24 2401001090700] SCHEME START [cool-down round 2/2] कृषि उत्पादन में वृद्धि के लिए कृषि प्रसार, कृषि निवेश तथा तकनीकी प्रबंधन (Grant 011) (worker=worker_3)
2026-09-30 09:06:26.108 INFO  [worker_3] [13/24 2401001090700] Attempt 1/3 START
2026-09-30 09:06:26.321 INFO  [worker_3] [13/24 2401001090700] HTTP GET main page (KoshvaniStatic.aspx) START
2026-09-30 09:06:26.369 INFO  [worker_2] [11/24 2401001090105] STATUS UPDATE scheme=2401001090105 status=-1 attempts=9 remark="ReadTimeout: HTTPSConnectionPool(host='koshvani.up.nic.in', port=443): Read timed out. (read timeout=45)" [crawler_status.json 4877 bytes, 259 ms]
2026-09-30 09:06:26.374 WARNING [worker_2] [11/24 2401001090105] KEEPING last good data for agri-011-2401001090105 (from 2026-09-29T00:26:58+00:00); the failure is only recorded in crawler_status.json
2026-09-30 09:06:26.376 INFO  [worker_2] [11/24 2401001090105] FINAL STATUS: FAILED after 9 attempts
2026-09-30 09:06:26.377 WARNING [worker_2] [11/24 2401001090105] SCHEME DONE status=-1 attempts=9 elapsed=235.76s worker=worker_2
2026-09-30 09:06:26.379 INFO  [worker_2] [14/24 2401001090900] SCHEME START [cool-down round 2/2] प्रशिक्षित कृषि उद्यमी स्वावलंबन योजना (Grant 011) (worker=worker_2)
2026-09-30 09:06:26.380 INFO  [worker_2] [14/24 2401001090900] Start stagger: waiting 5.2s so workers do not hit the portal together
2026-09-30 09:06:26.382 INFO  [worker_0] [09/24 2401001090103] STATUS UPDATE scheme=2401001090103 status=-1 attempts=9 remark="ReadTimeout: HTTPSConnectionPool(host='koshvani.up.nic.in', port=443): Read timed out. (read timeout=45)" [crawler_status.json 4886 bytes, 11 ms]
2026-09-30 09:06:26.385 WARNING [worker_0] [09/24 2401001090103] KEEPING last good data for agri-011-2401001090103 (from 2026-09-29T00:15:57+00:00); the failure is only recorded in crawler_status.json
2026-09-30 09:06:26.387 INFO  [worker_0] [09/24 2401001090103] FINAL STATUS: FAILED after 9 attempts
2026-09-30 09:06:26.387 WARNING [worker_0] [09/24 2401001090103] SCHEME DONE status=-1 attempts=9 elapsed=253.09s worker=worker_0
2026-09-30 09:06:26.388 INFO  [worker_0] [15/24 2401001130104] SCHEME START [cool-down round 2/2] प्रमोशन ऑफ एग्रीमल्चर मैकेनाइजेशन फार इनसीटू मैनेजमेंट ऑफ क्राप रेजडयू (CRM) (के.60/रा.40-के.+ रा.) (Grant 011) (worker=worker_0)
2026-09-30 09:06:26.390 INFO  [worker_0] [15/24 2401001130104] Start stagger: waiting 11.2s so workers do not hit the portal together
2026-09-30 09:06:26.394 INFO  [worker_1] [12/24 2401001090300] STATUS UPDATE scheme=2401001090300 status=-1 attempts=9 remark="ReadTimeout: HTTPSConnectionPool(host='koshvani.up.nic.in', port=443): Read timed out. (read timeout=45)" [crawler_status.json 4886 bytes, 10 ms]
2026-09-30 09:06:26.398 WARNING [worker_1] [12/24 2401001090300] KEEPING last good data for agri-011-2401001090300 (from 2026-09-29T00:35:40+00:00); the failure is only recorded in crawler_status.json
2026-09-30 09:06:26.399 INFO  [worker_1] [12/24 2401001090300] FINAL STATUS: FAILED after 9 attempts
2026-09-30 09:06:26.400 WARNING [worker_1] [12/24 2401001090300] SCHEME DONE status=-1 attempts=9 elapsed=206.51s worker=worker_1
2026-09-30 09:06:26.401 INFO  [worker_1] [16/24 2401001140101] SCHEME START [cool-down round 2/2] नेशनल फूड सिक्योरिटी मिशन (ओ0एस0 / टी0बी0ओ0) (के.60/रा.40-के.+ रा.) (Grant 011) (worker=worker_1)
2026-09-30 09:06:26.402 INFO  [worker_1] [16/24 2401001140101] Start stagger: waiting 16.0s so workers do not hit the portal together
2026-09-30 09:06:26.412 INFO  [MainThread] FILE WRITE index.json 14374 bytes 4 ms | overall=RUNNING successful=0 failed=24 unprocessed=0
2026-09-30 09:06:26.425 INFO  [MainThread] FILE WRITE index.json 14374 bytes 4 ms | overall=RUNNING successful=0 failed=24 unprocessed=0
2026-09-30 09:06:26.436 INFO  [MainThread] FILE WRITE index.json 14374 bytes 3 ms | overall=RUNNING successful=0 failed=24 unprocessed=0
2026-09-30 09:06:26.445 INFO  [MainThread] FILE WRITE index.json 14374 bytes 2 ms | overall=RUNNING successful=0 failed=24 unprocessed=0
2026-09-30 09:06:47.498 INFO  [worker_2] [14/24 2401001090900] Attempt 1/3 START
2026-09-30 09:06:47.531 INFO  [worker_2] [14/24 2401001090900] HTTP GET main page (KoshvaniStatic.aspx) START
2026-09-30 09:07:18.591 INFO  [worker_0] [15/24 2401001130104] Attempt 1/3 START
2026-09-30 09:07:18.625 INFO  [worker_0] [15/24 2401001130104] HTTP GET main page (KoshvaniStatic.aspx) START
2026-09-30 09:07:53.328 INFO  [worker_1] [16/24 2401001140101] Attempt 1/3 START
2026-09-30 09:07:53.362 INFO  [worker_1] [16/24 2401001140101] HTTP GET main page (KoshvaniStatic.aspx) START
2026-09-30 09:11:09.131 WARNING [worker_3] [13/24 2401001090700] HTTP GET main page (KoshvaniStatic.aspx) FAILED after 61.03s kind=timeout: ReadTimeout: HTTPSConnectionPool(host='koshvani.up.nic.in', port=443): Read timed out. (read timeout=45)
2026-09-30 09:11:09.137 WARNING [worker_3] [13/24 2401001090700] Attempt 1/3 failed after 61.24s kind=timeout: ReadTimeout: HTTPSConnectionPool(host='koshvani.up.nic.in', port=443): Read timed out. (read timeout=45)
2026-09-30 09:11:09.146 INFO  [worker_3] [13/24 2401001090700] STATUS UPDATE scheme=2401001090700 status=-1 attempts=7 remark="ReadTimeout: HTTPSConnectionPool(host='koshvani.up.nic.in', port=443): Read timed out. (read timeout=45)" [crawler_status.json 4886 bytes, 7 ms]
2026-09-30 09:11:09.148 INFO  [worker_3] [13/24 2401001090700] Waiting 7.9 seconds before retry...
2026-09-30 09:11:34.210 WARNING [worker_2] [14/24 2401001090900] HTTP GET main page (KoshvaniStatic.aspx) FAILED after 61.95s kind=timeout: ReadTimeout: HTTPSConnectionPool(host='koshvani.up.nic.in', port=443): Read timed out. (read timeout=45)
2026-09-30 09:11:34.215 WARNING [worker_2] [14/24 2401001090900] Attempt 1/3 failed after 61.99s kind=timeout: ReadTimeout: HTTPSConnectionPool(host='koshvani.up.nic.in', port=443): Read timed out. (read timeout=45)
2026-09-30 09:11:34.228 INFO  [worker_2] [14/24 2401001090900] STATUS UPDATE scheme=2401001090900 status=-1 attempts=7 remark="ReadTimeout: HTTPSConnectionPool(host='koshvani.up.nic.in', port=443): Read timed out. (read timeout=45)" [crawler_status.json 4886 bytes, 10 ms]
2026-09-30 09:11:34.230 INFO  [worker_2] [14/24 2401001090900] Waiting 9.2 seconds before retry...
2026-09-30 09:11:35.911 INFO  [worker_3] [13/24 2401001090700] Attempt 2/3 START
2026-09-30 09:11:35.945 INFO  [worker_3] [13/24 2401001090700] HTTP GET main page (KoshvaniStatic.aspx) START
2026-09-30 09:11:42.510 WARNING [worker_0] [15/24 2401001130104] HTTP GET main page (KoshvaniStatic.aspx) FAILED after 60.17s kind=timeout: ReadTimeout: HTTPSConnectionPool(host='koshvani.up.nic.in', port=443): Read timed out. (read timeout=45)
2026-09-30 09:11:42.514 WARNING [worker_0] [15/24 2401001130104] Attempt 1/3 failed after 60.21s kind=timeout: ReadTimeout: HTTPSConnectionPool(host='koshvani.up.nic.in', port=443): Read timed out. (read timeout=45)
2026-09-30 09:11:42.608 INFO  [worker_0] [15/24 2401001130104] STATUS UPDATE scheme=2401001130104 status=-1 attempts=7 remark="ReadTimeout: HTTPSConnectionPool(host='koshvani.up.nic.in', port=443): Read timed out. (read timeout=45)" [crawler_status.json 4886 bytes, 91 ms]
2026-09-30 09:11:42.612 INFO  [worker_0] [15/24 2401001130104] Waiting 14.2 seconds before retry...
2026-09-30 09:11:45.620 WARNING [worker_1] [16/24 2401001140101] HTTP GET main page (KoshvaniStatic.aspx) FAILED after 58.48s kind=timeout: ReadTimeout: HTTPSConnectionPool(host='koshvani.up.nic.in', port=443): Read timed out. (read timeout=45)
2026-09-30 09:11:45.625 WARNING [worker_1] [16/24 2401001140101] Attempt 1/3 failed after 58.52s kind=timeout: ReadTimeout: HTTPSConnectionPool(host='koshvani.up.nic.in', port=443): Read timed out. (read timeout=45)
2026-09-30 09:11:45.638 INFO  [worker_1] [16/24 2401001140101] STATUS UPDATE scheme=2401001140101 status=-1 attempts=7 remark="ReadTimeout: HTTPSConnectionPool(host='koshvani.up.nic.in', port=443): Read timed out. (read timeout=45)" [crawler_status.json 4886 bytes, 10 ms]
2026-09-30 09:11:45.640 INFO  [worker_1] [16/24 2401001140101] Waiting 8.3 seconds before retry...
2026-09-30 09:11:48.620 INFO  [worker_2] [14/24 2401001090900] Attempt 2/3 START
2026-09-30 09:11:48.658 INFO  [worker_2] [14/24 2401001090900] HTTP GET main page (KoshvaniStatic.aspx) START
2026-09-30 09:11:58.102 INFO  [worker_1] [16/24 2401001140101] Attempt 2/3 START
2026-09-30 09:11:58.137 INFO  [worker_1] [16/24 2401001140101] HTTP GET main page (KoshvaniStatic.aspx) START
2026-09-30 09:12:08.758 INFO  [worker_0] [15/24 2401001130104] Start stagger: waiting 2.4s so workers do not hit the portal together
2026-09-30 09:12:29.317 INFO  [worker_0] [15/24 2401001130104] Attempt 2/3 START
2026-09-30 09:12:29.358 INFO  [worker_0] [15/24 2401001130104] HTTP GET main page (KoshvaniStatic.aspx) START
2026-09-30 09:14:58.223 WARNING [worker_3] [13/24 2401001090700] HTTP GET main page (KoshvaniStatic.aspx) FAILED after 57.66s kind=timeout: ReadTimeout: HTTPSConnectionPool(host='koshvani.up.nic.in', port=443): Read timed out. (read timeout=45)
2026-09-30 09:14:58.226 WARNING [worker_3] [13/24 2401001090700] Attempt 2/3 failed after 57.70s kind=timeout: ReadTimeout: HTTPSConnectionPool(host='koshvani.up.nic.in', port=443): Read timed out. (read timeout=45)
2026-09-30 09:14:58.311 INFO  [worker_3] [13/24 2401001090700] STATUS UPDATE scheme=2401001090700 status=-1 attempts=8 remark="ReadTimeout: HTTPSConnectionPool(host='koshvani.up.nic.in', port=443): Read timed out. (read timeout=45)" [crawler_status.json 4886 bytes, 83 ms]
2026-09-30 09:14:58.314 INFO  [worker_3] [13/24 2401001090700] Waiting 23.9 seconds before retry...
2026-09-30 09:15:43.259 WARNING [worker_2] [14/24 2401001090900] HTTP GET main page (KoshvaniStatic.aspx) FAILED after 60.79s kind=timeout: ReadTimeout: HTTPSConnectionPool(host='koshvani.up.nic.in', port=443): Read timed out. (read timeout=45)
2026-09-30 09:15:43.264 WARNING [worker_2] [14/24 2401001090900] Attempt 2/3 failed after 60.84s kind=timeout: ReadTimeout: HTTPSConnectionPool(host='koshvani.up.nic.in', port=443): Read timed out. (read timeout=45)
2026-09-30 09:15:43.355 INFO  [worker_2] [14/24 2401001090900] STATUS UPDATE scheme=2401001090900 status=-1 attempts=8 remark="ReadTimeout: HTTPSConnectionPool(host='koshvani.up.nic.in', port=443): Read timed out. (read timeout=45)" [crawler_status.json 4886 bytes, 88 ms]
2026-09-30 09:15:43.357 INFO  [worker_2] [14/24 2401001090900] Waiting 28.6 seconds before retry...
2026-09-30 09:15:55.620 WARNING [worker_1] [16/24 2401001140101] HTTP GET main page (KoshvaniStatic.aspx) FAILED after 59.59s kind=timeout: ReadTimeout: HTTPSConnectionPool(host='koshvani.up.nic.in', port=443): Read timed out. (read timeout=45)
2026-09-30 09:15:55.626 WARNING [worker_1] [16/24 2401001140101] Attempt 2/3 failed after 59.63s kind=timeout: ReadTimeout: HTTPSConnectionPool(host='koshvani.up.nic.in', port=443): Read timed out. (read timeout=45)
2026-09-30 09:15:55.716 INFO  [worker_1] [16/24 2401001140101] STATUS UPDATE scheme=2401001140101 status=-1 attempts=8 remark="ReadTimeout: HTTPSConnectionPool(host='koshvani.up.nic.in', port=443): Read timed out. (read timeout=45)" [crawler_status.json 4886 bytes, 87 ms]
2026-09-30 09:15:55.718 INFO  [worker_1] [16/24 2401001140101] Waiting 21.6 seconds before retry...
2026-09-30 09:16:08.272 WARNING [worker_0] [15/24 2401001130104] HTTP GET main page (KoshvaniStatic.aspx) FAILED after 59.67s kind=timeout: ReadTimeout: HTTPSConnectionPool(host='koshvani.up.nic.in', port=443): Read timed out. (read timeout=45)
2026-09-30 09:16:08.277 WARNING [worker_0] [15/24 2401001130104] Attempt 2/3 failed after 59.71s kind=timeout: ReadTimeout: HTTPSConnectionPool(host='koshvani.up.nic.in', port=443): Read timed out. (read timeout=45)
2026-09-30 09:16:08.367 INFO  [worker_0] [15/24 2401001130104] STATUS UPDATE scheme=2401001130104 status=-1 attempts=8 remark="ReadTimeout: HTTPSConnectionPool(host='koshvani.up.nic.in', port=443): Read timed out. (read timeout=45)" [crawler_status.json 4886 bytes, 88 ms]
2026-09-30 09:16:08.369 INFO  [worker_0] [15/24 2401001130104] Waiting 22.5 seconds before retry...
2026-09-30 09:16:11.767 INFO  [worker_3] [13/24 2401001090700] Attempt 3/3 START
2026-09-30 09:16:11.808 INFO  [worker_3] [13/24 2401001090700] HTTP GET main page (KoshvaniStatic.aspx) START
2026-09-30 09:17:19.919 INFO  [worker_1] [16/24 2401001140101] Attempt 3/3 START
2026-09-30 09:17:19.959 INFO  [worker_1] [16/24 2401001140101] HTTP GET main page (KoshvaniStatic.aspx) START
2026-09-30 09:17:21.936 INFO  [worker_2] [14/24 2401001090900] Start stagger: waiting 2.5s so workers do not hit the portal together
2026-09-30 09:17:38.883 INFO  [worker_2] [14/24 2401001090900] Attempt 3/3 START
2026-09-30 09:17:38.925 INFO  [worker_2] [14/24 2401001090900] HTTP GET main page (KoshvaniStatic.aspx) START
2026-09-30 09:17:40.811 INFO  [worker_0] [15/24 2401001130104] Start stagger: waiting 2.2s so workers do not hit the portal together
2026-09-30 09:17:44.271 INFO  [worker_0] [15/24 2401001130104] Attempt 3/3 START
2026-09-30 09:17:44.312 INFO  [worker_0] [15/24 2401001130104] HTTP GET main page (KoshvaniStatic.aspx) START
2026-09-30 09:20:04.360 WARNING [worker_3] [13/24 2401001090700] HTTP GET main page (KoshvaniStatic.aspx) FAILED after 60.12s kind=timeout: ReadTimeout: HTTPSConnectionPool(host='koshvani.up.nic.in', port=443): Read timed out. (read timeout=45)
2026-09-30 09:20:04.366 WARNING [worker_3] [13/24 2401001090700] Attempt 3/3 failed after 60.17s kind=timeout: ReadTimeout: HTTPSConnectionPool(host='koshvani.up.nic.in', port=443): Read timed out. (read timeout=45)
2026-09-30 09:20:04.449 INFO  [worker_3] [13/24 2401001090700] STATUS UPDATE scheme=2401001090700 status=-1 attempts=9 remark="ReadTimeout: HTTPSConnectionPool(host='koshvani.up.nic.in', port=443): Read timed out. (read timeout=45)" [crawler_status.json 4886 bytes, 81 ms]
2026-09-30 09:20:04.454 WARNING [worker_3] [13/24 2401001090700] KEEPING last good data for agri-011-2401001090700 (from 2026-09-29T02:01:19+00:00); the failure is only recorded in crawler_status.json
2026-09-30 09:20:04.456 INFO  [worker_3] [13/24 2401001090700] FINAL STATUS: FAILED after 9 attempts
2026-09-30 09:20:04.457 WARNING [worker_3] [13/24 2401001090700] SCHEME DONE status=-1 attempts=9 elapsed=211.11s worker=worker_3
2026-09-30 09:20:04.459 INFO  [worker_3] [17/24 2401001140300] SCHEME START [cool-down round 2/2] तिलहन बीज मिनीकिट वितरण योजना (Grant 011) (worker=worker_3)
2026-09-30 09:20:04.460 INFO  [worker_3] [17/24 2401001140300] Attempt 1/3 START
2026-09-30 09:20:04.565 INFO  [MainThread] FILE WRITE index.json 14374 bytes 4 ms | overall=RUNNING successful=0 failed=24 unprocessed=0
2026-09-30 09:20:04.578 INFO  [worker_3] [17/24 2401001140300] HTTP GET main page (KoshvaniStatic.aspx) START
2026-09-30 09:20:38.816 WARNING [worker_1] [16/24 2401001140101] HTTP GET main page (KoshvaniStatic.aspx) FAILED after 57.78s kind=timeout: ReadTimeout: HTTPSConnectionPool(host='koshvani.up.nic.in', port=443): Read timed out. (read timeout=45)
2026-09-30 09:20:38.821 WARNING [worker_1] [16/24 2401001140101] Attempt 3/3 failed after 57.83s kind=timeout: ReadTimeout: HTTPSConnectionPool(host='koshvani.up.nic.in', port=443): Read timed out. (read timeout=45)
2026-09-30 09:20:38.911 INFO  [worker_1] [16/24 2401001140101] STATUS UPDATE scheme=2401001140101 status=-1 attempts=9 remark="ReadTimeout: HTTPSConnectionPool(host='koshvani.up.nic.in', port=443): Read timed out. (read timeout=45)" [crawler_status.json 4886 bytes, 87 ms]
2026-09-30 09:20:38.915 WARNING [worker_1] [16/24 2401001140101] KEEPING last good data for agri-011-2401001140101 (from 2026-09-29T02:01:24+00:00); the failure is only recorded in crawler_status.json
2026-09-30 09:20:38.917 INFO  [worker_1] [16/24 2401001140101] FINAL STATUS: FAILED after 9 attempts
2026-09-30 09:20:38.918 WARNING [worker_1] [16/24 2401001140101] SCHEME DONE status=-1 attempts=9 elapsed=222.05s worker=worker_1
2026-09-30 09:20:38.919 INFO  [worker_1] [18/24 2401008000203] SCHEME START [cool-down round 2/2] कृषि विकास योजनायें (के.60/रा.40-के.) (Grant 011) (worker=worker_1)
2026-09-30 09:20:38.921 INFO  [worker_1] [18/24 2401008000203] Attempt 1/3 START
2026-09-30 09:20:38.934 INFO  [MainThread] FILE WRITE index.json 14374 bytes 5 ms | overall=RUNNING successful=0 failed=24 unprocessed=0
2026-09-30 09:20:38.961 INFO  [worker_1] [18/24 2401008000203] HTTP GET main page (KoshvaniStatic.aspx) START
2026-09-30 09:20:51.411 WARNING [worker_2] [14/24 2401001090900] HTTP GET main page (KoshvaniStatic.aspx) FAILED after 57.28s kind=timeout: ReadTimeout: HTTPSConnectionPool(host='koshvani.up.nic.in', port=443): Read timed out. (read timeout=45)
2026-09-30 09:20:51.412 WARNING [worker_2] [14/24 2401001090900] Attempt 3/3 failed after 57.32s kind=timeout: ReadTimeout: HTTPSConnectionPool(host='koshvani.up.nic.in', port=443): Read timed out. (read timeout=45)
2026-09-30 09:20:51.418 INFO  [worker_2] [14/24 2401001090900] STATUS UPDATE scheme=2401001090900 status=-1 attempts=9 remark="ReadTimeout: HTTPSConnectionPool(host='koshvani.up.nic.in', port=443): Read timed out. (read timeout=45)" [crawler_status.json 4886 bytes, 5 ms]
2026-09-30 09:20:51.420 WARNING [worker_2] [14/24 2401001090900] KEEPING last good data for agri-011-2401001090900 (from 2026-09-29T02:01:20+00:00); the failure is only recorded in crawler_status.json
2026-09-30 09:20:51.421 INFO  [worker_2] [14/24 2401001090900] FINAL STATUS: FAILED after 9 attempts
2026-09-30 09:20:51.422 WARNING [worker_2] [14/24 2401001090900] SCHEME DONE status=-1 attempts=9 elapsed=225.78s worker=worker_2
2026-09-30 09:20:51.423 INFO  [worker_2] [19/24 2401008000400] SCHEME START [cool-down round 2/2] कृषि क्षेत्र की क्षमता एवं कौशल विकास तथा उत्पादन वृद्धि की योजना (Grant 011) (worker=worker_2)
2026-09-30 09:20:51.423 INFO  [worker_2] [19/24 2401008000400] Start stagger: waiting 2.0s so workers do not hit the portal together
2026-09-30 09:20:51.436 INFO  [MainThread] FILE WRITE index.json 14374 bytes 4 ms | overall=RUNNING successful=0 failed=24 unprocessed=0
2026-09-30 09:21:01.140 INFO  [worker_2] [19/24 2401008000400] Attempt 1/3 START
2026-09-30 09:21:01.170 INFO  [worker_2] [19/24 2401008000400] HTTP GET main page (KoshvaniStatic.aspx) START
2026-09-30 09:21:20.161 WARNING [worker_0] [15/24 2401001130104] HTTP GET main page (KoshvaniStatic.aspx) FAILED after 58.31s kind=timeout: ReadTimeout: HTTPSConnectionPool(host='koshvani.up.nic.in', port=443): Read timed out. (read timeout=45)
2026-09-30 09:21:20.166 WARNING [worker_0] [15/24 2401001130104] Attempt 3/3 failed after 58.36s kind=timeout: ReadTimeout: HTTPSConnectionPool(host='koshvani.up.nic.in', port=443): Read timed out. (read timeout=45)
2026-09-30 09:21:20.262 INFO  [worker_0] [15/24 2401001130104] STATUS UPDATE scheme=2401001130104 status=-1 attempts=9 remark="ReadTimeout: HTTPSConnectionPool(host='koshvani.up.nic.in', port=443): Read timed out. (read timeout=45)" [crawler_status.json 4886 bytes, 94 ms]
2026-09-30 09:21:20.266 WARNING [worker_0] [15/24 2401001130104] KEEPING last good data for agri-011-2401001130104 (from 2026-09-29T01:48:07+00:00); the failure is only recorded in crawler_status.json
2026-09-30 09:21:20.269 INFO  [worker_0] [15/24 2401001130104] FINAL STATUS: FAILED after 9 attempts
2026-09-30 09:21:20.270 WARNING [worker_0] [15/24 2401001130104] SCHEME DONE status=-1 attempts=9 elapsed=231.06s worker=worker_0
2026-09-30 09:21:20.272 INFO  [worker_0] [20/24 2402001020109] SCHEME START [cool-down round 2/2] नेशनल प्रोजेक्ट ऑन स्वायल हेल्थ फर्टिलिटी (के.60/रा.40-के.+ रा.) (Grant 011) (worker=worker_0)
2026-09-30 09:21:20.276 INFO  [worker_0] [20/24 2402001020109] Start stagger: waiting 1.4s so workers do not hit the portal together
2026-09-30 09:21:20.287 INFO  [MainThread] FILE WRITE index.json 14374 bytes 4 ms | overall=RUNNING successful=0 failed=24 unprocessed=0
2026-09-30 09:21:24.246 INFO  [worker_0] [20/24 2402001020109] Attempt 1/3 START
2026-09-30 09:21:24.281 INFO  [worker_0] [20/24 2402001020109] HTTP GET main page (KoshvaniStatic.aspx) START
2026-09-30 09:24:08.382 WARNING [worker_3] [17/24 2401001140300] HTTP GET main page (KoshvaniStatic.aspx) FAILED after 58.95s kind=timeout: ReadTimeout: HTTPSConnectionPool(host='koshvani.up.nic.in', port=443): Read timed out. (read timeout=45)
2026-09-30 09:24:08.386 WARNING [worker_3] [17/24 2401001140300] Attempt 1/3 failed after 59.07s kind=timeout: ReadTimeout: HTTPSConnectionPool(host='koshvani.up.nic.in', port=443): Read timed out. (read timeout=45)
2026-09-30 09:24:08.399 INFO  [worker_3] [17/24 2401001140300] STATUS UPDATE scheme=2401001140300 status=-1 attempts=7 remark="ReadTimeout: HTTPSConnectionPool(host='koshvani.up.nic.in', port=443): Read timed out. (read timeout=45)" [crawler_status.json 4886 bytes, 10 ms]
2026-09-30 09:24:08.402 INFO  [worker_3] [17/24 2401001140300] Waiting 9.5 seconds before retry...
2026-09-30 09:24:45.138 INFO  [worker_3] [17/24 2401001140300] Attempt 2/3 START
2026-09-30 09:24:45.179 INFO  [worker_3] [17/24 2401001140300] HTTP GET main page (KoshvaniStatic.aspx) START
2026-09-30 09:24:49.976 WARNING [worker_1] [18/24 2401008000203] HTTP GET main page (KoshvaniStatic.aspx) FAILED after 59.28s kind=timeout: ReadTimeout: HTTPSConnectionPool(host='koshvani.up.nic.in', port=443): Read timed out. (read timeout=45)
2026-09-30 09:24:49.981 WARNING [worker_1] [18/24 2401008000203] Attempt 1/3 failed after 59.32s kind=timeout: ReadTimeout: HTTPSConnectionPool(host='koshvani.up.nic.in', port=443): Read timed out. (read timeout=45)
2026-09-30 09:24:50.063 INFO  [worker_1] [18/24 2401008000203] STATUS UPDATE scheme=2401008000203 status=-1 attempts=7 remark="ReadTimeout: HTTPSConnectionPool(host='koshvani.up.nic.in', port=443): Read timed out. (read timeout=45)" [crawler_status.json 4886 bytes, 80 ms]
2026-09-30 09:24:50.066 INFO  [worker_1] [18/24 2401008000203] Waiting 9.4 seconds before retry...
2026-09-30 09:25:28.267 WARNING [worker_2] [19/24 2401008000400] HTTP GET main page (KoshvaniStatic.aspx) FAILED after 60.23s kind=timeout: ReadTimeout: HTTPSConnectionPool(host='koshvani.up.nic.in', port=443): Read timed out. (read timeout=45)
2026-09-30 09:25:28.272 WARNING [worker_2] [19/24 2401008000400] Attempt 1/3 failed after 60.27s kind=timeout: ReadTimeout: HTTPSConnectionPool(host='koshvani.up.nic.in', port=443): Read timed out. (read timeout=45)
2026-09-30 09:25:28.282 INFO  [worker_2] [19/24 2401008000400] STATUS UPDATE scheme=2401008000400 status=-1 attempts=7 remark="ReadTimeout: HTTPSConnectionPool(host='koshvani.up.nic.in', port=443): Read timed out. (read timeout=45)" [crawler_status.json 4886 bytes, 7 ms]
2026-09-30 09:25:28.284 INFO  [worker_2] [19/24 2401008000400] Waiting 5.2 seconds before retry...
2026-09-30 09:25:35.142 INFO  [worker_1] [18/24 2401008000203] Attempt 2/3 START
2026-09-30 09:25:35.180 INFO  [worker_1] [18/24 2401008000203] HTTP GET main page (KoshvaniStatic.aspx) START
2026-09-30 09:25:36.114 WARNING [worker_0] [20/24 2402001020109] HTTP GET main page (KoshvaniStatic.aspx) FAILED after 59.34s kind=timeout: ReadTimeout: HTTPSConnectionPool(host='koshvani.up.nic.in', port=443): Read timed out. (read timeout=45)
2026-09-30 09:25:36.119 WARNING [worker_0] [20/24 2402001020109] Attempt 1/3 failed after 59.38s kind=timeout: ReadTimeout: HTTPSConnectionPool(host='koshvani.up.nic.in', port=443): Read timed out. (read timeout=45)
2026-09-30 09:25:36.132 INFO  [worker_0] [20/24 2402001020109] STATUS UPDATE scheme=2402001020109 status=-1 attempts=7 remark="ReadTimeout: HTTPSConnectionPool(host='koshvani.up.nic.in', port=443): Read timed out. (read timeout=45)" [crawler_status.json 4886 bytes, 10 ms]
2026-09-30 09:25:36.134 INFO  [worker_0] [20/24 2402001020109] Waiting 6.4 seconds before retry...
2026-09-30 09:25:39.133 INFO  [worker_2] [19/24 2401008000400] Start stagger: waiting 2.9s so workers do not hit the portal together
2026-09-30 09:25:42.019 INFO  [worker_2] [19/24 2401008000400] Attempt 2/3 START
2026-09-30 09:25:42.055 INFO  [worker_2] [19/24 2401008000400] HTTP GET main page (KoshvaniStatic.aspx) START
2026-09-30 09:25:44.024 INFO  [worker_0] [20/24 2402001020109] Start stagger: waiting 2.8s so workers do not hit the portal together
2026-09-30 09:25:47.945 INFO  [worker_0] [20/24 2402001020109] Attempt 2/3 START
2026-09-30 09:25:48.044 INFO  [worker_0] [20/24 2402001020109] HTTP GET main page (KoshvaniStatic.aspx) START
2026-09-30 09:28:58.016 WARNING [worker_3] [17/24 2401001140300] HTTP GET main page (KoshvaniStatic.aspx) FAILED after 60.22s kind=timeout: ReadTimeout: HTTPSConnectionPool(host='koshvani.up.nic.in', port=443): Read timed out. (read timeout=45)
2026-09-30 09:28:58.021 WARNING [worker_3] [17/24 2401001140300] Attempt 2/3 failed after 60.26s kind=timeout: ReadTimeout: HTTPSConnectionPool(host='koshvani.up.nic.in', port=443): Read timed out. (read timeout=45)
2026-09-30 09:28:58.105 INFO  [worker_3] [17/24 2401001140300] STATUS UPDATE scheme=2401001140300 status=-1 attempts=8 remark="ReadTimeout: HTTPSConnectionPool(host='koshvani.up.nic.in', port=443): Read timed out. (read timeout=45)" [crawler_status.json 4886 bytes, 82 ms]
2026-09-30 09:28:58.107 INFO  [worker_3] [17/24 2401001140300] Waiting 15.4 seconds before retry...
2026-09-30 09:30:06.742 WARNING [worker_1] [18/24 2401008000203] HTTP GET main page (KoshvaniStatic.aspx) FAILED after 61.97s kind=timeout: ReadTimeout: HTTPSConnectionPool(host='koshvani.up.nic.in', port=443): Read timed out. (read timeout=45)
2026-09-30 09:30:06.747 WARNING [worker_1] [18/24 2401008000203] Attempt 2/3 failed after 62.02s kind=timeout: ReadTimeout: HTTPSConnectionPool(host='koshvani.up.nic.in', port=443): Read timed out. (read timeout=45)
2026-09-30 09:30:06.827 INFO  [worker_1] [18/24 2401008000203] STATUS UPDATE scheme=2401008000203 status=-1 attempts=8 remark="ReadTimeout: HTTPSConnectionPool(host='koshvani.up.nic.in', port=443): Read timed out. (read timeout=45)" [crawler_status.json 4886 bytes, 79 ms]
2026-09-30 09:30:06.830 INFO  [worker_1] [18/24 2401008000203] Waiting 18.5 seconds before retry...
2026-09-30 09:30:23.276 INFO  [worker_3] [17/24 2401001140300] Attempt 3/3 START
2026-09-30 09:30:23.315 INFO  [worker_3] [17/24 2401001140300] HTTP GET main page (KoshvaniStatic.aspx) START
2026-09-30 09:30:26.783 WARNING [worker_2] [19/24 2401008000400] HTTP GET main page (KoshvaniStatic.aspx) FAILED after 62.53s kind=timeout: ReadTimeout: HTTPSConnectionPool(host='koshvani.up.nic.in', port=443): Read timed out. (read timeout=45)
2026-09-30 09:30:26.786 WARNING [worker_2] [19/24 2401008000400] Attempt 2/3 failed after 62.57s kind=timeout: ReadTimeout: HTTPSConnectionPool(host='koshvani.up.nic.in', port=443): Read timed out. (read timeout=45)
2026-09-30 09:30:26.876 INFO  [worker_2] [19/24 2401008000400] STATUS UPDATE scheme=2401008000400 status=-1 attempts=8 remark="ReadTimeout: HTTPSConnectionPool(host='koshvani.up.nic.in', port=443): Read timed out. (read timeout=45)" [crawler_status.json 4886 bytes, 87 ms]
2026-09-30 09:30:26.878 INFO  [worker_2] [19/24 2401008000400] Waiting 21.6 seconds before retry...
2026-09-30 09:30:42.518 WARNING [worker_0] [20/24 2402001020109] HTTP GET main page (KoshvaniStatic.aspx) FAILED after 63.23s kind=timeout: ReadTimeout: HTTPSConnectionPool(host='koshvani.up.nic.in', port=443): Read timed out. (read timeout=45)
2026-09-30 09:30:42.523 WARNING [worker_0] [20/24 2402001020109] Attempt 2/3 failed after 63.34s kind=timeout: ReadTimeout: HTTPSConnectionPool(host='koshvani.up.nic.in', port=443): Read timed out. (read timeout=45)
2026-09-30 09:30:42.537 INFO  [worker_0] [20/24 2402001020109] STATUS UPDATE scheme=2402001020109 status=-1 attempts=8 remark="ReadTimeout: HTTPSConnectionPool(host='koshvani.up.nic.in', port=443): Read timed out. (read timeout=45)" [crawler_status.json 4886 bytes, 11 ms]
2026-09-30 09:30:42.539 INFO  [worker_0] [20/24 2402001020109] Waiting 15.2 seconds before retry...
2026-09-30 09:30:50.140 INFO  [worker_1] [18/24 2401008000203] Attempt 3/3 START
2026-09-30 09:30:50.180 INFO  [worker_1] [18/24 2401008000203] HTTP GET main page (KoshvaniStatic.aspx) START
2026-09-30 09:30:58.279 INFO  [worker_0] [20/24 2402001020109] Attempt 3/3 START
2026-09-30 09:30:58.314 INFO  [worker_0] [20/24 2402001020109] HTTP GET main page (KoshvaniStatic.aspx) START
2026-09-30 09:30:59.193 INFO  [worker_2] [19/24 2401008000400] Start stagger: waiting 4.8s so workers do not hit the portal together
2026-09-30 09:31:04.389 INFO  [worker_2] [19/24 2401008000400] Attempt 3/3 START
2026-09-30 09:31:04.432 INFO  [worker_2] [19/24 2401008000400] HTTP GET main page (KoshvaniStatic.aspx) START
2026-09-30 09:31:35.988 WARNING [worker_3] [17/24 2401001140300] HTTP GET main page (KoshvaniStatic.aspx) FAILED after 51.96s kind=timeout: ReadTimeout: HTTPSConnectionPool(host='koshvani.up.nic.in', port=443): Read timed out. (read timeout=45)
2026-09-30 09:31:35.993 WARNING [worker_3] [17/24 2401001140300] Attempt 3/3 failed after 52.01s kind=timeout: ReadTimeout: HTTPSConnectionPool(host='koshvani.up.nic.in', port=443): Read timed out. (read timeout=45)
2026-09-30 09:31:36.054 INFO  [worker_3] [17/24 2401001140300] STATUS UPDATE scheme=2401001140300 status=-1 attempts=9 remark="ReadTimeout: HTTPSConnectionPool(host='koshvani.up.nic.in', port=443): Read timed out. (read timeout=45)" [crawler_status.json 4886 bytes, 58 ms]
2026-09-30 09:31:36.056 WARNING [worker_3] [17/24 2401001140300] KEEPING last good data for agri-011-2401001140300 (from 2026-09-29T02:15:24+00:00); the failure is only recorded in crawler_status.json
2026-09-30 09:31:36.058 INFO  [worker_3] [17/24 2401001140300] FINAL STATUS: FAILED after 9 attempts
2026-09-30 09:31:36.059 WARNING [worker_3] [17/24 2401001140300] SCHEME DONE status=-1 attempts=9 elapsed=196.56s worker=worker_3
2026-09-30 09:31:36.061 INFO  [worker_3] [21/24 2402001020111] SCHEME START [cool-down round 2/2] नेशनल मिशन ऑन नेचुरल फार्मिग (के.60/रा.40-के.+ रा.) (Grant 011) (worker=worker_3)
2026-09-30 09:31:36.063 INFO  [worker_3] [21/24 2402001020111] Attempt 1/3 START
2026-09-30 09:31:36.088 INFO  [MainThread] FILE WRITE index.json 14374 bytes 4 ms | overall=RUNNING successful=0 failed=24 unprocessed=0
2026-09-30 09:31:36.103 INFO  [worker_3] [21/24 2402001020111] HTTP GET main page (KoshvaniStatic.aspx) START
2026-09-30 09:33:29.934 WARNING [worker_1] [18/24 2401008000203] HTTP GET main page (KoshvaniStatic.aspx) FAILED after 55.85s kind=timeout: ReadTimeout: HTTPSConnectionPool(host='koshvani.up.nic.in', port=443): Read timed out. (read timeout=45)
2026-09-30 09:33:29.939 WARNING [worker_1] [18/24 2401008000203] Attempt 3/3 failed after 55.90s kind=timeout: ReadTimeout: HTTPSConnectionPool(host='koshvani.up.nic.in', port=443): Read timed out. (read timeout=45)
2026-09-30 09:33:30.031 INFO  [worker_1] [18/24 2401008000203] STATUS UPDATE scheme=2401008000203 status=-1 attempts=9 remark="ReadTimeout: HTTPSConnectionPool(host='koshvani.up.nic.in', port=443): Read timed out. (read timeout=45)" [crawler_status.json 4886 bytes, 89 ms]
2026-09-30 09:33:30.036 WARNING [worker_1] [18/24 2401008000203] KEEPING last good data for agri-011-2401008000203 (from 2026-09-29T02:15:38+00:00); the failure is only recorded in crawler_status.json
2026-09-30 09:33:30.038 INFO  [worker_1] [18/24 2401008000203] FINAL STATUS: FAILED after 9 attempts
2026-09-30 09:33:30.039 WARNING [worker_1] [18/24 2401008000203] SCHEME DONE status=-1 attempts=9 elapsed=205.41s worker=worker_1
2026-09-30 09:33:30.040 INFO  [worker_1] [22/24 4401001030300] SCHEME START [cool-down round 2/2] प्रयोगात्मक प्रक्षेत्र प्रदर्शन और बीज वर्द्धन प्रक्षेत्र (जिला योजना) (Grant 011) (worker=worker_1)
2026-09-30 09:33:30.042 INFO  [worker_1] [22/24 4401001030300] Attempt 1/3 START
2026-09-30 09:33:30.056 INFO  [MainThread] FILE WRITE index.json 14374 bytes 4 ms | overall=RUNNING successful=0 failed=24 unprocessed=0
2026-09-30 09:33:30.075 INFO  [worker_1] [22/24 4401001030300] HTTP GET main page (KoshvaniStatic.aspx) START
2026-09-30 09:33:40.701 WARNING [worker_0] [20/24 2402001020109] HTTP GET main page (KoshvaniStatic.aspx) FAILED after 56.13s kind=timeout: ReadTimeout: HTTPSConnectionPool(host='koshvani.up.nic.in', port=443): Read timed out. (read timeout=45)
2026-09-30 09:33:40.707 WARNING [worker_0] [20/24 2402001020109] Attempt 3/3 failed after 56.18s kind=timeout: ReadTimeout: HTTPSConnectionPool(host='koshvani.up.nic.in', port=443): Read timed out. (read timeout=45)
2026-09-30 09:33:40.720 INFO  [worker_0] [20/24 2402001020109] STATUS UPDATE scheme=2402001020109 status=-1 attempts=9 remark="ReadTimeout: HTTPSConnectionPool(host='koshvani.up.nic.in', port=443): Read timed out. (read timeout=45)" [crawler_status.json 4886 bytes, 10 ms]
2026-09-30 09:33:40.723 WARNING [worker_0] [20/24 2402001020109] KEEPING last good data for agri-011-2402001020109 (from 2026-09-29T02:28:20+00:00); the failure is only recorded in crawler_status.json
2026-09-30 09:33:40.725 INFO  [worker_0] [20/24 2402001020109] FINAL STATUS: FAILED after 9 attempts
2026-09-30 09:33:40.726 WARNING [worker_0] [20/24 2402001020109] SCHEME DONE status=-1 attempts=9 elapsed=204.75s worker=worker_0
2026-09-30 09:33:40.727 INFO  [worker_0] [23/24 4401001030401] SCHEME START [cool-down round 2/2] खाद्यान्न/दलहन/तिलहन/बीज की लागत और प्रासंगिक व्यय (Grant 011) (worker=worker_0)
2026-09-30 09:33:40.730 INFO  [worker_0] [23/24 4401001030401] Attempt 1/3 START
2026-09-30 09:33:40.744 INFO  [MainThread] FILE WRITE index.json 14374 bytes 4 ms | overall=RUNNING successful=0 failed=24 unprocessed=0
2026-09-30 09:33:40.763 INFO  [worker_0] [23/24 4401001030401] HTTP GET main page (KoshvaniStatic.aspx) START
2026-09-30 09:33:47.946 WARNING [worker_2] [19/24 2401008000400] HTTP GET main page (KoshvaniStatic.aspx) FAILED after 55.62s kind=timeout: ReadTimeout: HTTPSConnectionPool(host='koshvani.up.nic.in', port=443): Read timed out. (read timeout=45)
2026-09-30 09:33:47.950 WARNING [worker_2] [19/24 2401008000400] Attempt 3/3 failed after 55.67s kind=timeout: ReadTimeout: HTTPSConnectionPool(host='koshvani.up.nic.in', port=443): Read timed out. (read timeout=45)
2026-09-30 09:33:48.039 INFO  [worker_2] [19/24 2401008000400] STATUS UPDATE scheme=2401008000400 status=-1 attempts=9 remark="ReadTimeout: HTTPSConnectionPool(host='koshvani.up.nic.in', port=443): Read timed out. (read timeout=45)" [crawler_status.json 4886 bytes, 87 ms]
2026-09-30 09:33:48.042 WARNING [worker_2] [19/24 2401008000400] KEEPING last good data for agri-011-2401008000400 (from 2026-09-29T02:21:12+00:00); the failure is only recorded in crawler_status.json
2026-09-30 09:33:48.044 INFO  [worker_2] [19/24 2401008000400] FINAL STATUS: FAILED after 9 attempts
2026-09-30 09:33:48.045 WARNING [worker_2] [19/24 2401008000400] SCHEME DONE status=-1 attempts=9 elapsed=215.36s worker=worker_2
2026-09-30 09:33:48.047 INFO  [worker_2] [24/24 4401001030403] SCHEME START [cool-down round 2/2] कपास और बिनोले के बीजों की लागत(प्रासंगिक व्यय सहित) (Grant 011) (worker=worker_2)
2026-09-30 09:33:48.048 INFO  [worker_2] [24/24 4401001030403] Attempt 1/3 START
2026-09-30 09:33:48.577 INFO  [worker_2] [24/24 4401001030403] HTTP GET main page (KoshvaniStatic.aspx) START
2026-09-30 09:33:48.637 INFO  [MainThread] FILE WRITE index.json 14374 bytes 82 ms | overall=RUNNING successful=0 failed=24 unprocessed=0
2026-09-30 09:35:07.702 WARNING [worker_3] [21/24 2402001020111] HTTP GET main page (KoshvaniStatic.aspx) FAILED after 57.26s kind=timeout: ReadTimeout: HTTPSConnectionPool(host='koshvani.up.nic.in', port=443): Read timed out. (read timeout=45)
2026-09-30 09:35:07.708 WARNING [worker_3] [21/24 2402001020111] Attempt 1/3 failed after 57.31s kind=timeout: ReadTimeout: HTTPSConnectionPool(host='koshvani.up.nic.in', port=443): Read timed out. (read timeout=45)
2026-09-30 09:35:07.799 INFO  [worker_3] [21/24 2402001020111] STATUS UPDATE scheme=2402001020111 status=-1 attempts=7 remark="ReadTimeout: HTTPSConnectionPool(host='koshvani.up.nic.in', port=443): Read timed out. (read timeout=45)" [crawler_status.json 4886 bytes, 88 ms]
2026-09-30 09:35:07.801 INFO  [worker_3] [21/24 2402001020111] Waiting 10.4 seconds before retry...
2026-09-30 09:35:23.831 INFO  [worker_3] [21/24 2402001020111] Attempt 2/3 START
2026-09-30 09:35:23.871 INFO  [worker_3] [21/24 2402001020111] HTTP GET main page (KoshvaniStatic.aspx) START
2026-09-30 09:35:28.148 WARNING [worker_1] [22/24 4401001030300] HTTP GET main page (KoshvaniStatic.aspx) FAILED after 52.01s kind=timeout: ReadTimeout: HTTPSConnectionPool(host='koshvani.up.nic.in', port=443): Read timed out. (read timeout=45)
2026-09-30 09:35:28.153 WARNING [worker_1] [22/24 4401001030300] Attempt 1/3 failed after 52.05s kind=timeout: ReadTimeout: HTTPSConnectionPool(host='koshvani.up.nic.in', port=443): Read timed out. (read timeout=45)
2026-09-30 09:35:28.246 INFO  [worker_1] [22/24 4401001030300] STATUS UPDATE scheme=4401001030300 status=-1 attempts=7 remark="ReadTimeout: HTTPSConnectionPool(host='koshvani.up.nic.in', port=443): Read timed out. (read timeout=45)" [crawler_status.json 4886 bytes, 90 ms]
2026-09-30 09:35:28.248 INFO  [worker_1] [22/24 4401001030300] Waiting 11.4 seconds before retry...
2026-09-30 09:35:53.632 WARNING [worker_0] [23/24 4401001030401] HTTP GET main page (KoshvaniStatic.aspx) FAILED after 53.25s kind=timeout: ReadTimeout: HTTPSConnectionPool(host='koshvani.up.nic.in', port=443): Read timed out. (read timeout=45)
2026-09-30 09:35:53.636 WARNING [worker_0] [23/24 4401001030401] Attempt 1/3 failed after 53.29s kind=timeout: ReadTimeout: HTTPSConnectionPool(host='koshvani.up.nic.in', port=443): Read timed out. (read timeout=45)
2026-09-30 09:35:53.727 INFO  [worker_0] [23/24 4401001030401] STATUS UPDATE scheme=4401001030401 status=-1 attempts=7 remark="ReadTimeout: HTTPSConnectionPool(host='koshvani.up.nic.in', port=443): Read timed out. (read timeout=45)" [crawler_status.json 4886 bytes, 88 ms]
2026-09-30 09:35:53.729 INFO  [worker_0] [23/24 4401001030401] Waiting 13.8 seconds before retry...
2026-09-30 09:35:55.556 INFO  [worker_1] [22/24 4401001030300] Attempt 2/3 START
2026-09-30 09:35:55.595 INFO  [worker_1] [22/24 4401001030300] HTTP GET main page (KoshvaniStatic.aspx) START
2026-09-30 09:36:11.354 WARNING [worker_2] [24/24 4401001030403] HTTP GET main page (KoshvaniStatic.aspx) FAILED after 53.43s kind=timeout: ReadTimeout: HTTPSConnectionPool(host='koshvani.up.nic.in', port=443): Read timed out. (read timeout=45)
2026-09-30 09:36:11.359 WARNING [worker_2] [24/24 4401001030403] Attempt 1/3 failed after 53.67s kind=timeout: ReadTimeout: HTTPSConnectionPool(host='koshvani.up.nic.in', port=443): Read timed out. (read timeout=45)
2026-09-30 09:36:11.447 INFO  [worker_2] [24/24 4401001030403] STATUS UPDATE scheme=4401001030403 status=-1 attempts=7 remark="ReadTimeout: HTTPSConnectionPool(host='koshvani.up.nic.in', port=443): Read timed out. (read timeout=45)" [crawler_status.json 4886 bytes, 85 ms]
2026-09-30 09:36:11.449 INFO  [worker_2] [24/24 4401001030403] Waiting 11.3 seconds before retry...
2026-09-30 09:37:12.476 INFO  [worker_0] [23/24 4401001030401] Attempt 2/3 START
2026-09-30 09:37:12.517 INFO  [worker_0] [23/24 4401001030401] HTTP GET main page (KoshvaniStatic.aspx) START
2026-09-30 09:37:26.730 INFO  [worker_2] [24/24 4401001030403] Start stagger: waiting 1.8s so workers do not hit the portal together
2026-09-30 09:37:28.508 INFO  [worker_2] [24/24 4401001030403] Attempt 2/3 START
2026-09-30 09:37:28.548 INFO  [worker_2] [24/24 4401001030403] HTTP GET main page (KoshvaniStatic.aspx) START
2026-09-30 09:40:11.981 WARNING [worker_3] [21/24 2402001020111] HTTP GET main page (KoshvaniStatic.aspx) FAILED after 60.33s kind=timeout: ReadTimeout: HTTPSConnectionPool(host='koshvani.up.nic.in', port=443): Read timed out. (read timeout=45)
2026-09-30 09:40:11.986 WARNING [worker_3] [21/24 2402001020111] Attempt 2/3 failed after 60.37s kind=timeout: ReadTimeout: HTTPSConnectionPool(host='koshvani.up.nic.in', port=443): Read timed out. (read timeout=45)
2026-09-30 09:40:12.077 INFO  [worker_3] [21/24 2402001020111] STATUS UPDATE scheme=2402001020111 status=-1 attempts=8 remark="ReadTimeout: HTTPSConnectionPool(host='koshvani.up.nic.in', port=443): Read timed out. (read timeout=45)" [crawler_status.json 4886 bytes, 89 ms]
2026-09-30 09:40:12.080 INFO  [worker_3] [21/24 2402001020111] Waiting 15.3 seconds before retry...
2026-09-30 09:40:56.525 WARNING [worker_1] [22/24 4401001030300] HTTP GET main page (KoshvaniStatic.aspx) FAILED after 51.66s kind=connection-reset: ConnectionError: ('Connection aborted.', ConnectionResetError(104, 'Connection reset by peer'))
2026-09-30 09:40:56.527 WARNING [worker_1] [22/24 4401001030300] Attempt 2/3 failed after 51.71s kind=connection-reset: ConnectionError: ('Connection aborted.', ConnectionResetError(104, 'Connection reset by peer'))
2026-09-30 09:40:56.619 INFO  [worker_1] [22/24 4401001030300] STATUS UPDATE scheme=4401001030300 status=-1 attempts=8 remark="ConnectionError: ('Connection aborted.', ConnectionResetError(104, 'Connection reset by peer'))" [crawler_status.json 4877 bytes, 89 ms]
2026-09-30 09:40:56.623 INFO  [worker_1] [22/24 4401001030300] Waiting 23.4 seconds before retry...
2026-09-30 09:41:30.190 INFO  [worker_3] [21/24 2402001020111] Attempt 3/3 START
2026-09-30 09:41:30.229 INFO  [worker_3] [21/24 2402001020111] HTTP GET main page (KoshvaniStatic.aspx) START
2026-09-30 09:42:13.221 INFO  [worker_0] [23/24 4401001030401] HTTP GET main page (KoshvaniStatic.aspx) END status=200 bytes=820 elapsed=59.32s redirects=1 final=ClearSession.aspx
2026-09-30 09:42:13.222 WARNING [worker_0] [23/24 4401001030401] PORTAL BOUNCE at main page: all workers will hold for up to 87s
2026-09-30 09:42:13.299 WARNING [worker_0] [23/24 4401001030401] Attempt 2/3 failed after 59.44s kind=missing-link: MissingLinkError: Could not find 'Grant-wise expenditure' link on main page
2026-09-30 09:42:13.381 INFO  [worker_0] [23/24 4401001030401] STATUS UPDATE scheme=4401001030401 status=-1 attempts=8 remark="MissingLinkError: Could not find 'Grant-wise expenditure' link on main page" [crawler_status.json 4848 bytes, 81 ms]
2026-09-30 09:42:13.388 INFO  [worker_0] [23/24 4401001030401] Waiting 28.6 seconds before retry...
2026-09-30 09:42:27.991 WARNING [worker_1] [22/24 4401001030300] Portal hold: the portal is bouncing sessions, waiting 83s with the other workers
2026-09-30 09:42:29.422 WARNING [worker_2] [24/24 4401001030403] HTTP GET main page (KoshvaniStatic.aspx) FAILED after 59.69s kind=connection-reset: ConnectionError: ('Connection aborted.', ConnectionResetError(104, 'Connection reset by peer'))
2026-09-30 09:42:29.424 WARNING [worker_2] [24/24 4401001030403] Attempt 2/3 failed after 59.73s kind=connection-reset: ConnectionError: ('Connection aborted.', ConnectionResetError(104, 'Connection reset by peer'))
2026-09-30 09:42:29.514 INFO  [worker_2] [24/24 4401001030403] STATUS UPDATE scheme=4401001030403 status=-1 attempts=8 remark="ConnectionError: ('Connection aborted.', ConnectionResetError(104, 'Connection reset by peer'))" [crawler_status.json 4839 bytes, 88 ms]
2026-09-30 09:42:29.515 INFO  [worker_2] [24/24 4401001030403] Waiting 20.5 seconds before retry...
2026-09-30 09:43:44.183 WARNING [worker_2] [24/24 4401001030403] Portal hold: the portal is bouncing sessions, waiting 61s with the other workers
2026-09-30 09:43:59.117 INFO  [worker_0] [23/24 4401001030401] Start stagger: waiting 2.7s so workers do not hit the portal together
2026-09-30 09:44:01.837 WARNING [worker_0] [23/24 4401001030401] Portal hold: the portal is bouncing sessions, waiting 56s with the other workers
2026-09-30 09:44:59.840 WARNING [worker_3] [21/24 2402001020111] HTTP GET main page (KoshvaniStatic.aspx) FAILED after 59.15s kind=timeout: ReadTimeout: HTTPSConnectionPool(host='koshvani.up.nic.in', port=443): Read timed out. (read timeout=45)
2026-09-30 09:44:59.845 WARNING [worker_3] [21/24 2402001020111] Attempt 3/3 failed after 59.19s kind=timeout: ReadTimeout: HTTPSConnectionPool(host='koshvani.up.nic.in', port=443): Read timed out. (read timeout=45)
2026-09-30 09:44:59.933 INFO  [worker_3] [21/24 2402001020111] STATUS UPDATE scheme=2402001020111 status=-1 attempts=9 remark="ReadTimeout: HTTPSConnectionPool(host='koshvani.up.nic.in', port=443): Read timed out. (read timeout=45)" [crawler_status.json 4839 bytes, 85 ms]
2026-09-30 09:44:59.936 WARNING [worker_3] [21/24 2402001020111] KEEPING last good data for agri-011-2402001020111 (from 2026-09-29T02:15:53+00:00); the failure is only recorded in crawler_status.json
2026-09-30 09:44:59.938 INFO  [worker_3] [21/24 2402001020111] FINAL STATUS: FAILED after 9 attempts
2026-09-30 09:44:59.939 WARNING [worker_3] [21/24 2402001020111] SCHEME DONE status=-1 attempts=9 elapsed=202.86s worker=worker_3
2026-09-30 09:44:59.957 INFO  [MainThread] FILE WRITE index.json 14374 bytes 6 ms | overall=RUNNING successful=0 failed=24 unprocessed=0
2026-09-30 09:48:20.564 INFO  [worker_0] [23/24 4401001030401] Attempt 3/3 START
2026-09-30 09:48:20.565 INFO  [worker_1] [22/24 4401001030300] Attempt 3/3 START
2026-09-30 09:48:20.568 INFO  [worker_2] [24/24 4401001030403] Attempt 3/3 START
2026-09-30 09:48:20.597 INFO  [worker_0] [23/24 4401001030401] HTTP GET main page (KoshvaniStatic.aspx) START
2026-09-30 09:48:20.600 INFO  [worker_1] [22/24 4401001030300] HTTP GET main page (KoshvaniStatic.aspx) START
2026-09-30 09:48:20.608 INFO  [worker_2] [24/24 4401001030403] HTTP GET main page (KoshvaniStatic.aspx) START
2026-09-30 09:51:58.365 WARNING [worker_0] [23/24 4401001030401] HTTP GET main page (KoshvaniStatic.aspx) FAILED after 57.57s kind=timeout: ReadTimeout: HTTPSConnectionPool(host='koshvani.up.nic.in', port=443): Read timed out. (read timeout=45)
2026-09-30 09:51:58.370 WARNING [worker_0] [23/24 4401001030401] Attempt 3/3 failed after 57.61s kind=timeout: ReadTimeout: HTTPSConnectionPool(host='koshvani.up.nic.in', port=443): Read timed out. (read timeout=45)
2026-09-30 09:51:58.379 INFO  [worker_0] [23/24 4401001030401] STATUS UPDATE scheme=4401001030401 status=-1 attempts=9 remark="ReadTimeout: HTTPSConnectionPool(host='koshvani.up.nic.in', port=443): Read timed out. (read timeout=45)" [crawler_status.json 4868 bytes, 7 ms]
2026-09-30 09:51:58.382 WARNING [worker_0] [23/24 4401001030401] KEEPING last good data for agri-011-4401001030401 (from 2026-09-29T02:28:16+00:00); the failure is only recorded in crawler_status.json
2026-09-30 09:51:58.384 INFO  [worker_0] [23/24 4401001030401] FINAL STATUS: FAILED after 9 attempts
2026-09-30 09:51:58.385 WARNING [worker_0] [23/24 4401001030401] SCHEME DONE status=-1 attempts=9 elapsed=271.17s worker=worker_0
2026-09-30 09:51:58.401 WARNING [worker_2] [24/24 4401001030403] HTTP GET main page (KoshvaniStatic.aspx) FAILED after 57.59s kind=timeout: ReadTimeout: HTTPSConnectionPool(host='koshvani.up.nic.in', port=443): Read timed out. (read timeout=45)
2026-09-30 09:51:58.406 WARNING [worker_2] [24/24 4401001030403] Attempt 3/3 failed after 57.64s kind=timeout: ReadTimeout: HTTPSConnectionPool(host='koshvani.up.nic.in', port=443): Read timed out. (read timeout=45)
2026-09-30 09:51:58.405 INFO  [MainThread] FILE WRITE index.json 14374 bytes 8 ms | overall=RUNNING successful=0 failed=24 unprocessed=0
2026-09-30 09:51:58.415 INFO  [worker_2] [24/24 4401001030403] STATUS UPDATE scheme=4401001030403 status=-1 attempts=9 remark="ReadTimeout: HTTPSConnectionPool(host='koshvani.up.nic.in', port=443): Read timed out. (read timeout=45)" [crawler_status.json 4877 bytes, 6 ms]
2026-09-30 09:51:58.419 WARNING [worker_2] [24/24 4401001030403] KEEPING last good data for agri-011-4401001030403 (from 2026-09-29T02:28:18+00:00); the failure is only recorded in crawler_status.json
2026-09-30 09:51:58.421 INFO  [worker_2] [24/24 4401001030403] FINAL STATUS: FAILED after 9 attempts
2026-09-30 09:51:58.422 WARNING [worker_2] [24/24 4401001030403] SCHEME DONE status=-1 attempts=9 elapsed=265.88s worker=worker_2
2026-09-30 09:51:58.438 INFO  [MainThread] FILE WRITE index.json 14374 bytes 7 ms | overall=RUNNING successful=0 failed=24 unprocessed=0
2026-09-30 09:51:59.848 WARNING [worker_1] [22/24 4401001030300] HTTP GET main page (KoshvaniStatic.aspx) FAILED after 58.62s kind=timeout: ReadTimeout: HTTPSConnectionPool(host='koshvani.up.nic.in', port=443): Read timed out. (read timeout=45)
2026-09-30 09:51:59.851 WARNING [worker_1] [22/24 4401001030300] Attempt 3/3 failed after 58.66s kind=timeout: ReadTimeout: HTTPSConnectionPool(host='koshvani.up.nic.in', port=443): Read timed out. (read timeout=45)
2026-09-30 09:51:59.931 INFO  [worker_1] [22/24 4401001030300] STATUS UPDATE scheme=4401001030300 status=-1 attempts=9 remark="ReadTimeout: HTTPSConnectionPool(host='koshvani.up.nic.in', port=443): Read timed out. (read timeout=45)" [crawler_status.json 4886 bytes, 77 ms]
2026-09-30 09:51:59.934 WARNING [worker_1] [22/24 4401001030300] KEEPING last good data for agri-011-4401001030300 (from 2026-09-29T02:16:15+00:00); the failure is only recorded in crawler_status.json
2026-09-30 09:51:59.935 INFO  [worker_1] [22/24 4401001030300] FINAL STATUS: FAILED after 9 attempts
2026-09-30 09:51:59.937 WARNING [worker_1] [22/24 4401001030300] SCHEME DONE status=-1 attempts=9 elapsed=280.63s worker=worker_1
2026-09-30 09:51:59.952 INFO  [MainThread] FILE WRITE index.json 14374 bytes 5 ms | overall=RUNNING successful=0 failed=24 unprocessed=0
2026-09-30 09:51:59.962 INFO  [MainThread] STATUS FINAL overall=WARNING fatal=no [crawler_status.json 4909 bytes, 7 ms]
2026-09-30 09:52:00.163 INFO  [MainThread] FILE WRITE index.json 14374 bytes 4 ms | overall=WARNING successful=0 failed=24 unprocessed=0
2026-09-30 09:52:00.164 INFO  [MainThread] ==================================================
2026-09-30 09:52:00.164 INFO  [MainThread] KOSHVANI CRAWLER SUMMARY
2026-09-30 09:52:00.165 INFO  [MainThread] ==================================================
2026-09-30 09:52:00.165 INFO  [MainThread] Execution ID: 20260930-044739-44fdb3
2026-09-30 09:52:00.165 INFO  [MainThread] Total schemes: 24
2026-09-30 09:52:00.165 INFO  [MainThread] Successful: 0
2026-09-30 09:52:00.166 INFO  [MainThread] Failed: 24
2026-09-30 09:52:00.166 INFO  [MainThread] Unprocessed: 0
2026-09-30 09:52:00.166 INFO  [MainThread] Recovered by retry: 0
2026-09-30 09:52:00.166 INFO  [MainThread] Fatal crawler error: No
2026-09-30 09:52:00.167 INFO  [MainThread] Execution status: WARNING
2026-09-30 09:52:00.167 INFO  [MainThread] Wall time: 5034.8s | workers: 4 | max attempts per scheme: 3
2026-09-30 09:52:00.168 INFO  [MainThread] Scheme time: min 161.7s | avg 243.8s | max 479.1s
2026-09-30 09:52:00.168 INFO  [MainThread] Slowest schemes: 2401001030500 479.1s (attempts 3, worker_1), 2401001030600 478.8s (attempts 3, worker_0), 2401001070300 398.0s (attempts 3, worker_3)
2026-09-30 09:52:00.168 INFO  [MainThread] Worker utilisation: 87% | worker_0: 18 schemes 4395s, worker_1: 18 schemes 4434s, worker_2: 18 schemes 4411s, worker_3: 18 schemes 4311s
2026-09-30 09:52:00.169 INFO  [MainThread] HTTP requests: 216 (ok 28, failed 188) | downloaded 22 KB
2026-09-30 09:52:00.169 INFO  [MainThread] Request latency: avg 51.07s | p95 60.90s | max 67.57s
2026-09-30 09:52:00.169 INFO  [MainThread] Attempt failures by kind: connection-reset=13, missing-link=28, timeout=175
2026-09-30 09:52:00.170 INFO  [MainThread] Time spent waiting between retries: 2287.3s (summed over workers)
2026-09-30 09:52:00.170 INFO  [MainThread] Start stagger / bounce hold: 111 waits, 4208.2s (summed over workers) | portal bounces seen: 28
2026-09-30 09:52:00.170 INFO  [MainThread] ==================================================
2026-09-30 09:52:00 INFO  [run_daily] SCRAPER END exit_code=0 elapsed=18258s

2026-09-30 09:52:00 INFO  [run_daily] Koshvani scraper completed.

2026-09-30 09:52:00 INFO  [run_daily] [4/6] Checking for data changes...
2026-09-30 09:52:00 INFO  [run_daily] Data changes detected:
 M docs/data/crawler_status.json
 M docs/data/index.json

2026-09-30 09:52:00 INFO  [run_daily] [5/6] Committing updated Koshvani data...
2026-09-30 09:52:00 INFO  [run_daily] GIT add data: START
2026-09-30 09:52:04 INFO  [run_daily] GIT add data: END exit_code=0 elapsed=4s
2026-09-30 09:52:04 INFO  [run_daily] GIT commit data: START
[main a1e8c22] Update Koshvani data
 2 files changed, 106 insertions(+), 106 deletions(-)
2026-09-30 09:52:04 INFO  [run_daily] GIT commit data: END exit_code=0 elapsed=0s
2026-09-30 09:52:04 INFO  [run_daily] Commit successful: a1e8c22 Update Koshvani data
 2 files changed, 106 insertions(+), 106 deletions(-)

2026-09-30 09:52:04 INFO  [run_daily] Pushing to GitHub...
2026-09-30 09:52:04 INFO  [run_daily] GIT push data: START
To https://github.com/abhi24me/koshvani-dashboard.git
   818c955..a1e8c22  main -> main
2026-09-30 09:52:07 INFO  [run_daily] GIT push data: END exit_code=0 elapsed=3s

2026-09-30 09:52:07 INFO  [run_daily] GitHub push successful: HEAD=a1e8c22 origin/main=a1e8c22

2026-09-30 09:52:07 INFO  [run_daily] [6/6] Validating scheme results and sending the Gmail report...
2026-09-30 09:52:16.121 INFO  [gmail_alert] Email notification sent successfully to 2 recipient(s).
2026-09-30 09:52:16.222 INFO  [gmail_alert] Report e-mailed (warning).
2026-09-30 09:52:16 INFO  [run_daily] GMAIL report step finished (exit_code=0)

2026-09-30 09:52:16 INFO  [run_daily] ========================================
2026-09-30 09:52:16 INFO  [run_daily] KOSHVANI JOB COMPLETED
2026-09-30 09:52:16 INFO  [run_daily] FINAL STATUS: SUCCESS
2026-09-30 09:52:16 INFO  [run_daily] elapsed=18277s
2026-09-30 09:52:16 INFO  [run_daily] ========================================
2026-09-30 09:52:16 INFO  [run_daily] LOG PUBLISH: workflow_exit_code=0 - this log is now being committed and pushed (that outcome is on screen only)
